A4GALT,1.16669600789
A4GNT,1.0
AACS,1.0
AADAT,1.0
AANAT,0.762271927441
AARS,1.28637108546
AARS2,1.42634969872
AASDHPPT,1.0
AASS,0.91180100033
AATF,1.11358967229
AATK,1.0
ABAT,0.953494651128
ABCA1,1.0
ABCA10,1.0
ABCA12,1.06125547647
ABCA13,1.0
ABCA2,1.0
ABCA3,0.945576242494
ABCA4,1.0
ABCA5,1.0
ABCA6,1.0
ABCA7,0.708098114088
ABCA8,0.651187632604
ABCA9,0.928898086113
ABCB1,1.0
ABCB10,0.917427441772
ABCB11,1.0
ABCB4,1.0
ABCB5,1.0
ABCB6,1.0
ABCB7,8.37951690953
ABCB8,1.08325725821
ABCB9,1.0
ABCC1,0.866209117908
ABCC10,1.17605600487
ABCC11,1.47017214959
ABCC12,0.920690541537
ABCC2,1.0
ABCC3,0.560121042854
ABCC4,1.0
ABCC5,1.0
ABCC6,1.0
ABCC8,1.12151198526
ABCC9,0.95705543515
ABCD1,1.37024588817
ABCD2,1.0
ABCD3,1.0
ABCD4,1.0
ABCG1,1.0
ABCG2,0.944591761859
ABCG4,4.30793956786
ABCG5,0.929201477784
ABCG8,1.0
ABHD12,0.894154850753
ABHD5,1.0
ABHD6,1.0
ABI1,0.949701371697
ABI2,1.0
ABL1,1.11761339838
ABL2,1.0
ABLIM1,0.889195563015
ABLIM2,1.0
ABLIM3,0.758918632504
ABO,1.0
ABR,1.0
ACAA1,1.0
ACAA2,1.0
ACACA,1.0
ACACB,1.0
ACAD8,1.0
ACADL,0.892675845928
ACADM,1.0
ACADS,1.0
ACADSB,1.0
ACADVL,2.05215645406
ACAN,1.0
ACAP1,1.0
ACAP2,1.0
ACAT1,2.26238835588
ACAT2,1.0
ACE,1.0
ACE2,1.0
ACER1,1.0
ACER2,1.0
ACER3,1.0
ACHE,1.17483588671
ACIN1,1.0
ACLY,1.0
ACMSD,1.10087577095
ACO1,1.0
ACO2,1.0
ACOT1,1.05689842837
ACOT12,1.0
ACOT2,1.52613666676
ACOT4,1.0
ACOT7,1.0
ACOT8,1.0
ACOT9,1.0
ACOX1,1.0
ACOX2,0.538661956444
ACOX3,1.0
ACP1,0.836512810306
ACP2,1.0
ACP5,1.0
ACSBG1,1.0
ACSBG2,1.07277134437
ACSF3,1.06649410186
ACSL1,1.0
ACSL3,1.88084965449
ACSL4,1.03725069104
ACSL5,1.05784741223
ACSL6,1.0
ACSM1,0.79096857521
ACSM2A,1.0
ACSM2B,0.932163827634
ACSM3,0.904464886707
ACSM4,1.0
ACSM5,1.0
ACSS1,1.05962497604
ACSS2,1.0
ACSS3,1.0
ACTA1,1.0
ACTA2,1.0673968462
ACTB,1.0
ACTC1,1.0
ACTG1,1.049955099
ACTG2,1.24051660936
ACTL6A,0.823213025397
ACTN1,1.0
ACTN2,1.0
ACTN3,1.05592306306
ACTN4,0.732286786474
ACTR10,1.0
ACTR1A,1.66210945691
ACTR1B,1.08372203251
ACTR2,1.07756086143
ACTR3,0.837725151328
ACTR3B,1.16746628009
ACVR1,2.17075708122
ACVR1B,1.0
ACVR1C,1.50760578875
ACVR2A,1.23295281596
ACVR2B,1.0
ACVRL1,1.0
ACY1,1.0
ACYP1,1.18832368301
ACYP2,1.0
ADA,1.0
ADAM10,1.0
ADAM12,1.0
ADAM15,1.0
ADAM17,0.931202685678
ADAM2,0.87828582886
ADAM33,1.0
ADAM8,1.09571968727
ADAP1,1.0
ADCY1,0.748543775153
ADCY10,0.73081013899
ADCY2,1.0
ADCY3,1.07762840484
ADCY4,1.0
ADCY5,1.0
ADCY6,0.797141637326
ADCY7,1.0
ADCY8,0.9020347194
ADCY9,1.0
ADCYAP1,0.837620033948
ADCYAP1R1,1.0
ADD1,1.14522974221
ADD2,1.0
ADD3,1.0
ADH1A,0.868888947185
ADH1B,1.0
ADH1C,1.0
ADH4,1.0
ADH5,1.0
ADH6,1.0
ADH7,0.956784942786
ADI1,1.0
ADIPOQ,1.67244901791
ADIPOR1,1.0
ADIPOR2,0.714627759788
ADK,0.833558319293
ADM,1.0
ADO,1.0
ADORA1,0.905905914527
ADORA2A,0.709490789976
ADORA2B,1.0
ADORA3,1.0
ADPGK,1.06745193836
ADRA1A,1.0
ADRA1B,1.18417791092
ADRA1D,1.0
ADRA2A,1.21765890178
ADRA2B,1.0
ADRA2C,1.0
ADRB1,0.943129642367
ADRB2,1.0
ADRB3,1.19276183699
ADRBK1,1.0
ADRBK2,0.717879891986
ADRM1,1.53955729781
ADSL,1.0
ADSS,1.0
ADSSL1,1.0
AEN,1.07994092849
AES,1.0
AFF1,1.0
AFMID,1.0
AFP,1.09323466306
AGA,1.0
AGAP2,1.0
AGER,1.0
AGK,1.0
AGL,0.855281176392
AGMAT,1.0
AGPAT1,1.0
AGPAT2,0.937824527519
AGPAT3,1.0
AGPAT4,0.939449848772
AGPAT5,1.0
AGPAT6,1.0
AGPAT9,1.0
AGPS,1.0
AGRN,1.31681851203
AGRP,1.0
AGT,1.0
AGTR1,1.45681883436
AGTR2,0.850654121887
AGXT,1.0
AGXT2,1.0
AHCY,1.0
AHCYL1,1.28930388747
AHCYL2,1.0
AHR,0.949801542644
AHRR,1.0
AHSG,1.0
AICDA,1.0
AIFM1,1.20449642604
AIMP2,1.0
AIP,1.0
AIRE,0.863451502047
AK1,1.0
AK2,1.0
AK3,1.0
AK5,1.0
AK7,1.0
AKAP1,1.0
AKAP10,1.0
AKAP11,0.932215473492
AKAP12,0.775886135361
AKAP13,1.0
AKAP2,1.0
AKAP3,1.0
AKAP4,0.508005326308
AKAP5,0.898960805374
AKAP6,1.0
AKAP7,1.0
AKAP8,1.05818694931
AKAP9,1.0
AKR1A1,1.0
AKR1B1,1.0
AKR1B10,1.06450802858
AKR1C1,0.347843655084
AKR1C2,0.784964640532
AKR1C3,1.0
AKR1C4,1.0
AKR1D1,0.961586934515
AKR7A2,1.0
AKT1,1.19835543942
AKT1S1,1.0
AKT2,1.0
AKT3,0.883999235857
ALAD,0.910791270122
ALAS1,0.966868803134
ALAS2,1.6234023651
ALDH18A1,1.0
ALDH1A1,1.0
ALDH1A2,1.0
ALDH1A3,1.0
ALDH1B1,0.793617558071
ALDH1L1,1.2730358986
ALDH1L2,1.0
ALDH2,1.0
ALDH3A1,0.872659776001
ALDH3A2,1.0
ALDH3B1,1.0
ALDH3B2,1.0
ALDH4A1,1.03539777012
ALDH5A1,1.06434298469
ALDH6A1,1.0
ALDH7A1,1.0
ALDH9A1,2.03242674373
ALDOA,1.0
ALDOB,1.0
ALDOC,1.0
ALG1,1.0
ALG10,1.0
ALG10B,1.10303486019
ALG11,1.0
ALG13,1.0
ALG14,1.05292970235
ALG2,1.0
ALG3,1.25923448072
ALG5,0.863183194861
ALG6,1.35089602549
ALG8,1.0
ALG9,1.0
ALK,1.0
ALOX12,1.85434503915
ALOX12B,1.0
ALOX15,0.82601474896
ALOX15B,1.19018836434
ALOX5,1.0
ALPI,0.892132199861
ALPL,1.0
ALPP,1.0
ALPPL2,1.0
AMACR,1.2578983929
AMD1,0.836940640704
AMDHD1,1.0
AMDHD2,1.0
AMH,1.0
AMHR2,1.0
AMICA1,1.0
AMOT,1.0
AMPD1,1.0
AMPD2,1.0
AMPD3,1.0
AMPH,1.0
AMT,0.896784183715
AMY1A,0.854644219572
AMY1B,1.0
AMY1C,1.0
AMY2A,1.0
AMY2B,1.0
ANAPC1,1.92274875237
ANAPC10,1.0
ANAPC11,1.05270970923
ANAPC13,0.929570724524
ANAPC2,1.19037819986
ANAPC4,1.0
ANAPC5,0.941340632417
ANAPC7,1.0
ANGPT1,0.931817017407
ANGPT2,0.800825231248
ANGPT4,1.11950419341
ANGPTL1,1.10306302892
ANGPTL3,1.05249161951
ANGPTL4,0.812097637027
ANGPTL6,2.08200751141
ANK1,1.06492680909
ANK2,0.851921126275
ANK3,1.0
ANKH,1.0
ANKRA2,1.0
ANP32A,1.10639105108
ANPEP,1.0
ANTXR1,0.964577007721
ANTXR2,0.818062294068
AOC2,1.0
AOC3,1.30446794927
AOX1,1.0
AP1B1,1.3973943718
AP1G1,1.0
AP1G2,1.08455101901
AP1M1,1.0
AP1M2,0.833904459058
AP1S1,1.03662288897
AP1S2,0.889152467591
AP1S3,1.0
AP2A1,0.944595443027
AP2A2,1.0
AP2B1,1.64030300091
AP2M1,1.0
AP2S1,1.0
AP3B1,1.0
AP3B2,0.950363039651
AP3D1,1.18543406636
AP3M1,1.0
AP3M2,0.871070461093
AP3S1,1.0
AP3S2,1.0
AP4B1,0.620375647266
AP4E1,0.869630626804
AP4M1,1.1475650717
AP4S1,1.8295261827
APAF1,1.04422400157
APBB1,1.0
APBB1IP,0.843912848225
APC,1.33317488195
APC2,1.0
APEX1,1.0
APEX2,1.0
APH1A,1.0
APH1B,1.0
APIP,1.0
APITD1,0.924578236121
APLF,1.0
APLNR,0.602741837225
APOA1,1.0
APOA1BP,1.0
APOA2,1.18087709035
APOA4,1.0
APOA5,1.0
APOB,1.08035246032
APOC3,1.0
APP,0.911804634315
APPBP2,0.9020789176
APRT,1.0
APTX,1.0
AQP2,1.0
AQP3,1.0
AQP5,1.0
AQP7,0.752615046062
AQR,0.768153534601
AR,1.0
ARAF,0.91979349239
ARAP1,1.0
ARAP2,1.0
ARAP3,1.0
ARC,0.908905370468
AREG,1.0
ARF1,0.912159071133
ARF3,1.0
ARF4,0.719447749644
ARF5,0.795637416291
ARF6,1.0
ARFGAP1,0.788369781499
ARFGAP3,0.944016882362
ARFGEF1,1.0
ARFGEF2,1.0
ARFIP1,1.0
ARFIP2,0.785353676824
ARG1,1.0
ARG2,1.0
ARHGAP1,1.0
ARHGAP10,1.0
ARHGAP17,1.0
ARHGAP26,1.0
ARHGAP4,0.932532207696
ARHGAP5,0.902915660532
ARHGAP6,1.0
ARHGAP8,1.07172480408
ARHGAP9,0.942780633048
ARHGDIA,0.940534944413
ARHGDIB,0.864492903861
ARHGDIG,1.0
ARHGEF1,1.0
ARHGEF10,1.0
ARHGEF10L,1.0
ARHGEF11,1.0
ARHGEF12,1.0
ARHGEF15,2.39663299162
ARHGEF16,1.0
ARHGEF17,0.765664679298
ARHGEF18,1.08272484857
ARHGEF2,1.09078861741
ARHGEF3,1.45166213929
ARHGEF4,1.0
ARHGEF5,0.903137391146
ARHGEF6,1.09117008264
ARHGEF7,1.10844300213
ARHGEF9,0.938355617863
ARID1A,0.843270117209
ARID4A,0.897581736808
ARNT,1.31089174508
ARNT2,1.0
ARNTL,1.0
ARPC1A,0.855498522114
ARPC1B,1.0
ARPC2,0.829233636891
ARPC3,0.882730177646
ARPC4,1.0
ARPC5,1.0
ARPC5L,1.0
ARR3,1.0
ARRB1,1.0
ARRB2,1.0
ARSA,1.0
ARSB,0.86199914946
ARSG,1.46205231289
AS3MT,1.0
ASAH1,1.0
ASAH2,1.10214400448
ASAH2C,1.0775986801
ASAP1,1.0
ASAP2,0.914053150033
ASAP3,1.0
ASGR1,1.0
ASGR2,0.937484013437
ASIP,0.954719608
ASL,1.0
ASMT,1.0
ASNS,0.912005860395
ASPA,1.0
ASPG,1.0
ASPH,1.19003345662
ASPSCR1,1.0
ASRGL1,1.0
ASS1,1.0
ATF1,1.0
ATF2,1.0
ATF3,0.775506692649
ATF4,0.857633941159
ATF5,1.0
ATF6,0.471661352454
ATF6B,1.0
ATF7,1.17610667778
ATG10,1.0
ATG12,1.0
ATG16L1,1.0
ATG16L2,1.0
ATG3,1.43737482118
ATG5,1.0
ATG7,1.39726410401
ATIC,0.914649006152
ATM,1.0
ATP12A,1.06398453482
ATP1A1,1.0
ATP1A2,1.0
ATP1A3,1.0
ATP1A4,1.0
ATP1B1,1.0
ATP1B2,0.918828485294
ATP1B3,1.0
ATP1B4,1.08664037129
ATP2A1,0.921599017034
ATP2A2,1.0
ATP2A3,1.04366415502
ATP2B1,1.0952922989
ATP2B2,1.31962615338
ATP2B3,1.0
ATP2B4,1.0
ATP2C1,1.0
ATP4A,1.0
ATP4B,0.963972375668
ATP5A1,1.0
ATP5B,0.718528308881
ATP5C1,0.322076631483
ATP5D,1.0
ATP5E,1.0
ATP5EP2,1.0
ATP5F1,1.0
ATP5G1,1.0
ATP5G2,0.905449582692
ATP5G3,1.0
ATP5H,0.922891003725
ATP5I,0.882662953769
ATP5J,1.0
ATP5J2,1.15068386248
ATP5L,1.0
ATP5O,0.642004838372
ATP5S,0.766960306255
ATP6AP1,1.0
ATP6AP2,1.0
ATP6V0A1,0.945079321211
ATP6V0A2,1.0
ATP6V0A4,1.0
ATP6V0B,1.06268917381
ATP6V0C,1.0
ATP6V0D1,1.0
ATP6V0D2,1.10161527398
ATP6V0E1,1.0
ATP6V0E2,1.0
ATP6V1A,1.0
ATP6V1B1,5.96763127643
ATP6V1B2,1.0
ATP6V1C1,1.0
ATP6V1C2,0.947967715656
ATP6V1D,1.0
ATP6V1E1,1.0
ATP6V1E2,1.0
ATP6V1F,1.0
ATP6V1G1,0.723879078465
ATP6V1G2,1.0
ATP6V1G3,1.0
ATP6V1H,1.42822480859
ATR,1.13945501379
ATRIP,1.0
ATXN1,1.12068337345
ATXN10,0.888559888932
ATXN2,1.0
ATXN3,1.0
ATXN7,1.39246343596
AUH,1.30406197751
AURKA,1.0
AURKAIP1,1.0
AURKB,1.0
AURKC,1.29588669892
AVP,1.20986518123
AVPR1A,0.907437958299
AVPR1B,1.0
AVPR2,1.0
AWAT2,1.0
AXIN1,1.05708783687
AXIN2,1.1071827614
AXL,1.0
AZI2,0.934016067046
B2M,1.18091680874
B3GALNT1,0.838778016788
B3GALT1,1.37374844699
B3GALT2,1.0
B3GALT4,1.0
B3GALT5,1.0
B3GALT6,1.0
B3GALTL,1.0
B3GAT1,1.0
B3GAT2,0.952202647236
B3GAT3,1.0
B3GNT2,1.0
B3GNT3,1.0
B3GNT4,1.0
B3GNT5,1.0
B3GNT6,1.0
B3GNT7,1.0
B4GALNT1,1.05541812264
B4GALT1,1.0
B4GALT2,1.0
B4GALT3,1.0
B4GALT4,0.945026944068
B4GALT5,1.0
B4GALT6,1.08090559048
B4GALT7,1.0
BAAT,1.0
BACH1,1.0
BAD,1.0
BAG4,1.0
BAIAP2,1.0
BAIAP3,0.820281185252
BAK1,0.891035022957
BAMBI,1.0
BARD1,0.920414167421
BATF3,1.0
BAX,1.0
BBC3,0.925260245215
BBOX1,1.23663769174
BCAP31,1.0
BCAR1,1.0
BCAR3,0.877234603453
BCAS2,0.942017309385
BCAT1,1.0
BCAT2,1.0
BCKDHA,1.0
BCKDHB,0.916256319327
BCL10,0.780412177561
BCL2,1.0
BCL2A1,1.0
BCL2L1,1.20480959533
BCL2L11,1.0
BCL2L2,0.882426404544
BCL3,1.0
BCL6,1.0
BCL9,1.0
BCOR,1.0
BCR,0.91224358728
BDH1,1.08319771363
BDH2,1.0
BDKRB1,1.0
BDKRB2,1.0
BDNF,1.0
BDP1,1.0
BET1,1.0
BET1L,1.0
BEX1,1.0
BGLAP,0.805791692388
BGN,1.0
BHMT,0.779889198936
BHMT2,1.0
BID,1.06981098144
BIK,1.0
BIN1,1.0
BIN2,0.950777517399
BIRC2,0.752090615849
BIRC3,1.0
BIRC5,1.0
BIRC6,1.0
BIRC7,1.0
BIRC8,1.0
BLK,1.0
BLM,0.876083878801
BLNK,1.0
BLVRA,0.940090078604
BLVRB,2.40833247338
BMF,1.0
BMI1,1.0
BMP1,1.15091790094
BMP10,0.870687580913
BMP15,1.0
BMP2,1.09267002064
BMP2K,1.20714131934
BMP3,1.0
BMP4,1.04177006313
BMP5,1.0
BMP6,1.0
BMP7,1.0
BMP8A,1.10239235409
BMP8B,1.88740868456
BMPR1A,1.14227524278
BMPR1B,1.0
BMPR2,1.0
BMS1,1.0
BMX,0.837295329184
BNIP1,0.893512727188
BNIP3,1.35322276427
BOC,1.28606535646
BPGM,1.0
BPNT1,0.934397028892
BRAF,0.934906875005
BRAP,1.0
BRCA1,1.0
BRCA2,1.0
BRD2,1.0
BRF1,1.0
BRIP1,1.0
BRS3,1.0
BRSK1,1.29424343248
BRSK2,1.07583375529
BSG,1.0
BST1,1.0
BTC,1.3363822841
BTD,1.0
BTG1,0.92691782439
BTG2,1.0
BTG3,0.886248286755
BTG4,1.0
BTK,1.0
BTRC,0.532676411516
BUB1,0.922456113766
BUB1B,1.0
BUB3,1.29685375636
BUD31,1.0
C1D,1.10170770349
C1GALT1,0.766378036703
C1GALT1C1,1.03570746502
C1QA,1.0
C1QB,1.0
C1QC,1.0
C1R,0.938909870896
C1S,1.0
C2,1.0
C3,1.06568133376
C3AR1,0.77972210834
C4A,1.0
C4B,1.0
C4BPA,1.0
C4BPB,2.47327502205
C5,1.0
C5AR1,1.0
C6,1.0
C7,1.0
C8A,1.44328902055
C8B,1.0
C8G,0.86546404901
C9,1.0
CA1,1.0
CA2,0.92364944278
CA9,0.753639328157
CAB39,1.0
CAB39L,0.92825745538
CABIN1,1.0
CABLES1,1.0
CACNA1A,1.0
CACNA1B,1.0
CACNA1C,1.0
CACNA1D,1.2910598729
CACNA1E,0.477091267916
CACNA1F,1.0
CACNA1G,1.0
CACNA1H,1.0
CACNA1I,1.0
CACNA1S,0.799618400809
CACNA2D1,1.06587200509
CACNA2D2,1.0
CACNA2D3,1.0
CACNA2D4,1.0
CACNB1,1.60861145513
CACNB2,1.03468622156
CACNB3,1.0
CACNB4,1.0
CACNG1,1.0
CACNG2,1.0
CACNG3,0.893126937328
CACNG4,1.0
CACNG5,1.07672189537
CACNG6,1.0
CACNG7,1.0
CACNG8,0.854345782315
CAD,1.0
CADM1,1.10087796032
CALCR,1.0
CALCRL,1.0
CALD1,1.0
CALM1,0.615378883199
CALM2,1.0
CALM3,0.802516090767
CALML3,1.78287583956
CALML5,1.0
CALML6,1.0
CALR,1.60807640624
CALY,0.820271778414
CAMK1,3.27758323706
CAMK1D,2.70842929906
CAMK1G,0.623033168592
CAMK2A,1.0
CAMK2B,1.0
CAMK2D,1.04094817114
CAMK2G,1.0
CAMK2N2,1.0
CAMK4,1.0
CAMKK1,1.0
CAMKK2,0.890814282337
CANT1,1.0
CAP1,1.0
CAPN1,1.0
CAPN10,0.86023741138
CAPN11,1.0
CAPN2,0.818525829495
CAPN3,1.0
CAPN5,1.0
CAPN6,1.0
CAPN7,1.0
CAPN9,1.24228515585
CAPNS1,0.943920166344
CAPZA1,1.33569547241
CAPZA2,1.0
CAPZA3,0.910458576724
CAPZB,1.0
CARD10,11.4875953525
CARD11,1.0
CARD16,0.780720963265
CARD6,1.09600305797
CARD8,1.0
CARD9,1.0
CARKD,1.0
CARM1,1.12586637876
CARS,1.0
CARS2,1.07521652091
CASC3,1.0
CASK,1.06618972227
CASP1,1.10576214096
CASP10,1.0
CASP12,1.31357333224
CASP2,1.0
CASP3,1.0
CASP4,1.0566096359
CASP5,1.36645282199
CASP6,1.36833894075
CASP7,1.0
CASP8,1.0
CASP9,0.730194994648
CASR,1.0
CAST,0.919384645232
CAT,1.0
CAV1,1.16117083322
CAV2,1.0
CAV3,0.913809289489
CBFA2T3,0.942541687487
CBFB,0.910488500089
CBL,1.0
CBLB,1.0
CBLC,1.22578030421
CBLL1,0.950046390344
CBR1,1.0
CBR3,1.0
CBS,1.0
CBX4,1.11492993085
CBX5,1.0
CBY1,1.51332841015
CCBL1,1.0
CCBL2,1.0
CCDC12,1.0
CCDC6,1.11542433729
CCKAR,1.0
CCKBR,1.0
CCL1,1.0
CCL11,1.0
CCL13,1.0
CCL14,1.06311426586
CCL15,1.0
CCL16,1.0
CCL17,1.0
CCL18,0.874675982895
CCL19,1.0
CCL2,1.0
CCL20,1.0
CCL21,1.0
CCL22,1.85514638318
CCL23,1.0
CCL24,0.682105093441
CCL25,1.0
CCL26,1.0
CCL27,1.07934474706
CCL28,1.35570878237
CCL3,1.0
CCL3L1,1.15230667092
CCL3L3,1.0
CCL4,1.0
CCL4L1,1.0
CCL4L2,1.0
CCL5,0.832872409017
CCL7,1.0
CCL8,1.0
CCM2,0.914886646996
CCNA1,1.0
CCNA2,1.0
CCNB1,1.0
CCNB2,1.0
CCNB3,1.13487263389
CCNC,0.799795093791
CCND1,1.06758158282
CCND2,1.0
CCND3,1.11866499811
CCNE1,0.920649794114
CCNE2,1.43290121698
CCNF,1.88314754372
CCNG1,0.754481881917
CCNG2,0.957576153598
CCNH,1.0
CCNT1,1.0
CCNT2,0.633185736443
CCR1,1.0
CCR10,1.0
CCR2,1.0
CCR3,0.877255695651
CCR4,0.861596957779
CCR5,0.874287170312
CCR6,1.0
CCR7,1.0
CCR8,1.0
CCR9,1.0
CCRL2,0.481177175674
CD14,1.0
CD151,1.14883151291
CD164,1.0
CD19,1.12492567909
CD1A,1.0
CD1B,1.0
CD1C,1.0
CD1D,1.0
CD1E,1.0
CD2,1.0
CD209,0.787787401875
CD22,0.688799091359
CD226,1.0
CD24,1.0
CD244,1.0
CD247,0.933340325528
CD27,1.0
CD28,1.0
CD2AP,0.904451614856
CD33,1.0
CD34,1.0
CD36,0.907705311588
CD37,1.0644011688
CD38,1.0
CD3D,1.0
CD3E,1.0
CD3G,1.0
CD4,1.07852868925
CD40,1.0
CD40LG,0.773863500036
CD44,0.931404066528
CD46,1.0
CD47,1.0
CD48,1.0
CD5,0.825451661255
CD53,1.0
CD55,1.0
CD58,1.0
CD59,1.0
CD63,0.908333006714
CD68,0.854417014161
CD7,1.0
CD70,1.0
CD72,1.0
CD74,0.837017915285
CD79A,1.0
CD79B,1.0
CD80,1.0
CD81,0.850351761061
CD82,0.619617470975
CD86,0.832552841724
CD8A,1.0
CD8B,0.916994138942
CD9,1.0
CDA,1.0
CDC14A,0.934682805403
CDC14B,1.0
CDC16,1.0
CDC20,4.3619492802
CDC23,1.0
CDC25A,1.10914127042
CDC25B,1.0
CDC25C,1.19027586623
CDC26,1.86922635581
CDC27,1.11304231866
CDC34,1.0
CDC37,1.0
CDC40,1.0
CDC42,1.0
CDC42BPA,1.0
CDC42EP2,1.0
CDC42EP3,1.0
CDC42SE1,1.0
CDC5L,1.0
CDC6,1.07493978839
CDC7,0.927665413115
CDCA5,1.0
CDCA7,1.06388740889
CDCA8,1.0
CDH1,0.750151203733
CDH10,1.0
CDH11,0.642360821052
CDH12,1.09041958769
CDH13,1.0
CDH15,2.25073006046
CDH16,0.775062566628
CDH17,1.0
CDH18,1.0
CDH19,1.0
CDH2,1.0
CDH20,1.0
CDH22,1.0
CDH23,1.0
CDH24,1.07896196359
CDH26,1.0
CDH3,0.944769011906
CDH4,0.812090782627
CDH5,0.801090410314
CDH6,1.36234486813
CDH7,1.0
CDH8,1.0
CDH9,0.931422730635
CDIPT,1.0
CDK10,1.27712814159
CDK2,1.05109642498
CDK3,1.0
CDK4,1.11358834822
CDK5,1.0
CDK5R1,1.06744708471
CDK6,1.0
CDK7,1.0
CDK8,1.2643292304
CDK9,0.671158102968
CDKN1A,0.924342908265
CDKN1B,1.05738548791
CDKN1C,1.0
CDKN2A,1.0
CDKN2B,1.23246861816
CDKN2C,1.0
CDKN2D,1.04172776933
CDO1,1.11311387984
CDON,1.0
CDS1,1.0
CDS2,0.924540915251
CDT1,1.0
CDX1,1.0
CDX2,0.928798727931
CDX4,1.0
CEBPA,1.0
CEBPB,1.25487225932
CEBPD,1.0
CEBPE,1.0
CEBPG,1.0
CEL,1.0
CELA2B,0.879288755166
CELA3B,1.06714929359
CENPA,1.33564387392
CENPB,0.797235122454
CENPC1,1.0
CENPE,1.0
CENPF,1.0
CEP164,1.0
CEPT1,1.0
CER1,1.0
CERK,1.0
CES1,1.0
CES2,1.0
CES3,0.874041789044
CETN2,1.0
CFB,0.885891157714
CFD,1.0
CFH,1.0
CFI,1.0
CFL1,0.768807764893
CFL2,1.0
CFLAR,1.0
CFP,1.0
CFTR,1.0
CGA,1.1175726966
CGN,1.0
CH25H,1.0
CHAD,1.0
CHAT,0.948358816096
CHD3,1.0
CHD4,0.916144529903
CHD7,1.30869237844
CHD8,1.31097442698
CHDH,1.0
CHEK1,1.0
CHEK2,0.865074803054
CHERP,1.0
CHGA,1.0
CHIA,1.0
CHIT1,1.0
CHKA,0.822927804842
CHKB,1.310200711
CHN1,1.0
CHN2,1.0
CHPF,1.0
CHPF2,1.0
CHPT1,1.0
CHRD,8.29373586528
CHRDL1,0.827288872635
CHRM1,1.0
CHRM2,1.0
CHRM3,1.0
CHRM4,1.83317812904
CHRM5,1.1295874085
CHRNA1,1.0
CHRNA10,0.929011875587
CHRNA2,1.0
CHRNA3,1.19388532419
CHRNA4,4.17599204235
CHRNA5,0.918396831996
CHRNA6,2.51790067919
CHRNA7,1.08419153194
CHRNA9,1.0
CHRNB1,0.945052948476
CHRNB2,1.07237069835
CHRNB3,1.0
CHRNB4,0.94675087092
CHRND,1.0
CHRNE,1.91712419993
CHRNG,1.0
CHST1,1.0
CHST10,1.24824432794
CHST11,1.0
CHST12,1.0
CHST13,2.10517142523
CHST14,1.22029522488
CHST15,1.0
CHST2,0.91827606684
CHST3,1.0
CHST4,0.9523782159
CHST6,0.651107193069
CHST7,1.0
CHSY1,1.06423869487
CHSY3,0.886036861828
CHUK,1.07312293841
CIB1,1.0
CIITA,1.0
CIR1,1.0
CIRH1A,0.592923693747
CISH,1.0
CIT,1.16836449735
CITED1,1.0
CITED2,1.0
CKAP5,0.948062680455
CKB,2.85747501976
CKM,1.0
CKMT1A,1.0
CKMT1B,0.918305462102
CKMT2,1.0
CKS1B,1.0
CKS2,1.0533739412
CLCA1,1.11244312109
CLCA2,1.0
CLCA3,1.19021850669
CLCA4,1.0
CLCF1,1.0
CLCN1,1.0
CLCN2,1.0
CLCN3,1.0
CLCN4,1.0
CLCN5,1.0
CLCN6,0.912252527678
CLCN7,1.0
CLCNKA,1.0
CLCNKB,1.0
CLDN1,1.11041501944
CLDN10,1.04164218786
CLDN11,1.06074682172
CLDN14,1.0
CLDN15,1.0
CLDN16,0.724018160823
CLDN17,0.772054082158
CLDN18,1.0
CLDN19,0.870329063999
CLDN2,1.0
CLDN20,1.08189772839
CLDN22,1.0
CLDN23,1.0
CLDN24,1.0
CLDN3,1.0
CLDN4,1.0
CLDN5,1.0
CLDN6,1.0
CLDN7,1.0
CLDN8,1.0
CLDN9,1.0
CLEC11A,1.0
CLEC14A,1.0
CLEC4M,0.938977453359
CLEC7A,0.946878902635
CLIC1,0.854849517322
CLIC2,1.0
CLIC5,0.940524887572
CLIC6,1.0
CLIP1,1.0
CLN3,0.960621883108
CLN5,0.875284787145
CLNS1A,1.28189185699
CLOCK,1.0
CLSPN,1.0
CLTA,1.0
CLTB,1.08640623039
CLTC,1.0
CLTCL1,1.0
CLU,1.33961239617
CMA1,1.0
CMAS,1.0
CMPK1,1.0
CMPK2,1.0
CNDP1,1.0
CNDP2,1.0
CNGA1,1.0
CNGA2,1.40900334261
CNGA3,1.0
CNGA4,1.39002434079
CNGB1,1.0
CNGB3,1.0
CNKSR1,1.0
CNOT1,0.922687389517
CNOT10,0.873684864985
CNOT2,1.0
CNOT3,1.1248477306
CNOT4,1.0
CNOT6,1.0
CNOT6L,1.0
CNOT7,0.908189374489
CNOT8,0.852177833486
CNR1,1.10819911076
CNR2,0.941108940203
CNTF,0.748685484251
CNTFR,1.0
CNTN1,1.0
CNTN6,0.891825848809
COASY,1.0
COL10A1,1.0
COL11A1,1.0
COL11A2,0.825615519555
COL12A1,1.0
COL13A1,1.0
COL14A1,1.0
COL15A1,1.0
COL16A1,1.0
COL17A1,1.0
COL18A1,0.822610535632
COL19A1,1.0
COL1A1,0.880212168285
COL1A2,1.0
COL20A1,1.0
COL21A1,0.508101833192
COL22A1,1.0
COL23A1,0.941772323623
COL24A1,1.56604523559
COL25A1,1.0
COL27A1,1.0
COL2A1,1.19087546942
COL3A1,1.0
COL4A1,1.06495081914
COL4A2,1.09701773526
COL4A3,1.0
COL4A4,0.915606263003
COL4A5,1.0
COL4A6,1.0
COL5A1,1.0
COL5A2,1.0
COL5A3,1.0
COL6A1,1.0
COL6A2,1.0
COL6A3,1.0
COL6A6,1.0
COL7A1,0.819808307555
COL8A1,0.897067357448
COL8A2,1.0
COL9A1,0.782224580127
COL9A2,1.0
COL9A3,1.0
COMP,1.0
COMT,1.0
COPA,1.08574169797
COPG2,1.0
COPS5,1.0
COQ2,1.10939649001
COQ3,1.0
COQ5,1.10373726701
COQ6,1.0
COQ7,1.0
COX10,1.0
COX11,0.923102813082
COX15,1.0
COX17,1.0
COX4I1,1.0
COX4I2,0.931890649501
COX5A,1.0
COX5B,1.0
COX6A1,1.55534998981
COX6A2,1.66971242324
COX6B1,1.0
COX6B2,1.0
COX6C,1.0
COX7A1,1.0
COX7A2,1.09063943597
COX7A2L,1.0
COX7B,1.0
COX7B2,1.0
COX7C,0.923831025843
COX8A,0.83706686984
COX8C,1.0
CP,1.0
CPA1,1.0
CPA2,0.865596689961
CPA3,1.0
CPB1,0.8725430996
CPB2,1.17017707893
CPE,1.0
CPEB1,1.0
CPEB2,1.05005736792
CPEB3,0.947756780589
CPEB4,1.0
CPOX,1.0
CPS1,1.0
CPSF1,1.09961206875
CPSF2,1.0
CPSF3,1.0
CPSF4,1.0
CPT1A,1.0
CPT1B,1.0
CPT1C,1.0
CPT2,1.25469745907
CR1,1.46656058974
CR2,1.0
CRABP1,0.32864916296
CRADD,1.0
CRAT,0.955541227722
CRB3,1.14034066247
CRBN,0.834376735207
CREB1,1.10264717009
CREB3,0.793024996817
CREB3L1,0.838098553763
CREB3L2,0.678848465516
CREB3L3,1.16885861965
CREB3L4,1.0
CREB5,1.1783943181
CREBBP,0.827209040725
CREM,1.0
CRH,1.62167637669
CRHR1,1.0
CRHR2,1.0
CRK,1.0
CRKL,1.0
CRLF2,1.0
CRLS1,1.0
CRNKL1,1.0
CROT,1.0
CRP,1.0
CRTC2,0.844268811511
CRY1,0.902261482587
CRY2,1.0
CRYL1,1.0
CRYM,1.0
CRYZ,1.0
CS,1.23303093044
CSAD,1.0
CSDE1,1.0
CSF1,1.13980753713
CSF1R,1.0
CSF2,1.0
CSF2RA,1.18232869622
CSF2RB,1.14588443314
CSF3,1.10020285698
CSF3R,1.05095616597
CSGALNACT1,0.785111562875
CSGALNACT2,0.894294899121
CSH1,1.0
CSH2,1.0479542787
CSK,1.0
CSN2,1.0
CSNK1A1,0.843228600731
CSNK1A1L,0.943774039826
CSNK1D,1.0
CSNK1E,1.0
CSNK1G1,1.0
CSNK1G2,1.08566445342
CSNK1G3,1.0
CSNK2A1,1.0
CSNK2A2,1.0
CSNK2B,1.29049566641
CSPG4,0.704310999037
CSRP2,1.0
CSTF1,1.14103891886
CSTF2,1.48297965361
CSTF3,1.0
CTBP1,1.0
CTBP2,1.0
CTCF,1.27592682913
CTDSP1,0.658690648087
CTDSP2,1.0
CTDSPL,0.867775872773
CTF1,1.0
CTGF,1.0
CTH,1.0
CTHRC1,0.689631982337
CTLA4,0.88836543226
CTNNA1,0.900953839309
CTNNA2,0.864645953388
CTNNA3,0.898872393581
CTNNB1,1.0
CTNNBIP1,1.0
CTNNBL1,0.97475967916
CTNND1,1.0
CTNND2,1.0
CTNS,1.0
CTPS,1.0
CTPS2,1.0
CTRB1,1.12931397106
CTRC,1.0
CTRL,1.0
CTSA,1.11649133131
CTSB,1.0
CTSC,1.0
CTSD,1.0
CTSE,1.0
CTSF,0.784331524771
CTSG,1.0
CTSH,1.21968038007
CTSK,1.0
CTSO,1.0
CTSS,1.0
CTSW,1.0
CTSZ,1.0
CTTN,1.0
CUBN,1.0
CUL1,1.0
CUL2,1.0
CUL3,1.0
CUL4A,1.0
CUL4B,1.0
CUL5,1.0
CUL7,1.0
CWC15,1.14231273351
CX3CL1,1.0
CX3CR1,1.0
CXCL1,1.2948619873
CXCL10,1.10315533284
CXCL11,0.841761627535
CXCL12,1.0
CXCL13,1.10851383958
CXCL14,1.0
CXCL16,1.0
CXCL2,0.922954765671
CXCL3,1.0
CXCL5,1.14821467464
CXCL6,1.0
CXCL9,1.0
CXCR1,1.01171369225
CXCR3,1.0
CXCR4,1.21060511501
CXCR5,1.0
CXCR6,1.09508466445
CXXC4,1.50968588994
CYBA,1.0
CYBB,1.0
CYC1,1.0
CYCS,1.0
CYFIP1,1.0
CYFIP2,1.48646797537
CYLD,0.563780869015
CYP11A1,1.0
CYP11B1,1.0
CYP11B2,1.0
CYP17A1,1.07659008435
CYP19A1,1.0
CYP1A1,1.0
CYP1A2,0.844952166199
CYP1B1,1.0
CYP21A2,1.83120625881
CYP26A1,1.06466888093
CYP26B1,1.0
CYP26C1,0.913179852205
CYP27A1,1.0
CYP27B1,1.0
CYP2A13,1.15926445393
CYP2A6,1.0
CYP2B6,1.0
CYP2C18,1.0
CYP2C19,1.0
CYP2C8,1.08653350783
CYP2C9,0.944093780041
CYP2D6,0.809523240006
CYP2E1,1.0
CYP2F1,1.0
CYP2J2,1.0
CYP2R1,0.878012628916
CYP2S1,1.0
CYP2U1,1.0
CYP39A1,1.0
CYP3A4,0.818164130509
CYP3A5,1.0
CYP3A7,1.0
CYP46A1,1.61071047252
CYP4A11,0.949311039977
CYP4F2,1.0
CYP4F3,1.0
CYP4F8,1.0
CYP4X1,1.0
CYP51A1,1.0
CYP7A1,0.892096833858
CYP7B1,0.890456270976
CYP8B1,1.0
CYR61,1.0
CYSLTR1,1.0
CYSLTR2,1.0
CYTH1,1.0
CYTH2,1.0
CYTH3,1.0
CYTH4,1.0
DAAM1,1.0
DAAM2,1.0
DAB1,0.775274585062
DAB2,0.932901958164
DAB2IP,1.13070076878
DAD1,0.632907866483
DAG1,1.07337175698
DAGLA,1.30436188865
DAGLB,1.38197195847
DAK,1.16174232646
DAO,0.609851774867
DAP,0.91877629796
DAP3,0.928469432773
DAPK1,1.0
DAPK2,1.0
DAPK3,1.0
DAPP1,1.0
DARC,0.915352019033
DARS,1.0
DARS2,1.0
DAXX,1.0
DAZAP1,1.0
DBF4,0.688221385977
DBH,1.0
DBI,1.0
DBNL,1.0
DBT,0.836466441245
DCC,0.701186417154
DCHS1,0.795458336053
DCK,0.806875719026
DCLRE1C,1.08121471485
DCN,1.0
DCP1A,1.16106922866
DCP1B,1.0
DCP2,1.0
DCPS,1.0
DCT,1.0
DCTD,1.0
DCTN1,1.06373811234
DCTN2,1.0
DCTN3,1.0
DCTN4,1.0790485089
DCTN5,1.30460545843
DCTN6,0.899965949533
DCTPP1,1.0
DCX,1.15767069309
DCXR,6.76765250811
DDB1,1.0
DDB2,1.0
DDC,0.683079603061
DDIT3,0.835775450514
DDIT4,1.0
DDO,1.17144829983
DDOST,0.886838649101
DDR1,1.0
DDR2,1.0
DDX17,0.875465757672
DDX18,1.0
DDX20,1.0
DDX23,1.51030998359
DDX3X,1.52794469815
DDX42,1.0
DDX46,1.0
DDX5,1.22059065992
DDX54,0.878261130279
DDX58,1.28397380015
DDX6,1.0
DECR2,1.0
DEDD,1.0
DEF6,1.42652855905
DEFA3,0.899681108938
DEGS1,1.08682584753
DEGS2,1.0
DERA,1.0
DERL1,1.0
DES,1.0
DET1,1.0
DFFA,1.19739107102
DFFB,0.902957183772
DGAT1,1.0
DGAT2,0.892836909293
DGKA,1.0
DGKB,1.13640337743
DGKD,1.0
DGKE,0.788089380453
DGKG,0.937418159712
DGKH,1.0
DGKI,1.13767537384
DGKK,1.89537617782
DGKQ,0.910359615523
DGKZ,0.945164118509
DGUOK,1.0
DHCR24,1.0
DHCR7,1.0
DHDDS,0.915068353233
DHDH,1.67749481401
DHFR,1.0
DHFRL1,1.0
DHH,1.0
DHODH,1.04920762425
DHPS,0.958164827173
DHRS3,1.0
DHRS4,1.19862908952
DHRS4L1,0.798838537959
DHRS4L2,1.0
DHRS9,1.0
DHTKD1,1.0
DHX15,0.955200895658
DHX16,0.923483646719
DHX36,1.0
DHX38,1.0
DHX58,1.0
DHX8,1.0
DIABLO,0.907966788701
DIAPH1,0.955845343002
DIAPH2,1.0
DIAPH3,0.837837732359
DICER1,1.0
DIDO1,1.0
DIO2,1.0
DIO3,0.841648226648
DIRAS3,1.0
DIS3,1.0
DIS3L,1.0
DISP1,1.57046745115
DKC1,1.0
DKK1,1.0
DKK2,1.0
DKK4,1.0
DLAT,1.0
DLC1,1.0
DLD,1.0
DLG1,1.0
DLG2,1.0
DLG3,1.0
DLG4,0.931383814791
DLGAP1,1.0625526559
DLGAP5,1.0
DLK1,1.0
DLL1,4.66679651835
DLL3,1.0
DLL4,0.942754442306
DLST,1.0
DLX1,1.0
DLX5,1.0
DLX6,1.0
DMD,1.0
DMGDH,1.0
DMTF1,1.0
DNA2,1.0
DNAH1,1.0
DNAH3,1.0
DNAH5,1.0
DNAH6,1.0884959654
DNAH8,1.0
DNAJA1,0.878911664486
DNAJA3,1.35752982786
DNAJB1,1.23336548916
DNAJB6,1.0
DNAJC3,0.909405541414
DNASE2,1.0
DNASE2B,1.0
DNER,1.0
DNM1,1.0
DNM1L,1.0
DNM2,1.0
DNM3,1.0
DNMBP,1.0
DNMT1,0.822267608137
DNMT3A,0.851334390529
DNMT3B,1.0
DNTT,1.0
DOCK1,0.919367221361
DOCK10,0.803492169902
DOCK11,1.0
DOCK2,1.07636231385
DOCK4,1.0
DOCK6,1.0
DOCK7,0.866704624959
DOCK9,0.785378425626
DOHH,1.0
DOK1,1.0
DOK2,1.0
DOK3,0.837244118178
DOK4,1.0
DOK5,0.538348398544
DOK6,1.0
DOLK,1.0
DOLPP1,1.11488526762
DOT1L,1.08997420568
DPAGT1,1.0
DPEP1,1.0
DPEP2,1.0
DPF2,1.0
DPH5,0.957118360459
DPM1,1.0
DPM2,1.42759816114
DPM3,1.0
DPP4,1.0
DPYD,1.0
DPYS,1.0
DPYSL2,1.08660419944
DRD1,0.774088578029
DRD2,0.893457773035
DRD3,1.29909375488
DRD4,1.0
DRD5,1.0
DSCAM,1.0
DSE,1.0
DSP,1.0
DST,1.07950643634
DSTN,0.955387924371
DTD1,1.0
DTNA,0.86941241797
DTNB,1.0
DTX1,1.77571858007
DTX2,0.833597520149
DTX3,1.0
DTX3L,1.0
DTX4,1.0
DTYMK,1.0
DUSP1,1.0
DUSP10,1.0
DUSP14,1.08595565501
DUSP16,0.949636241859
DUSP2,1.0
DUSP3,1.0
DUSP4,1.23074242392
DUSP5,1.7068093712
DUSP6,1.0
DUSP7,1.0
DUSP8,1.0
DUSP9,1.0
DUT,1.0
DVL1,0.830516018405
DVL2,1.0
DVL3,1.0
DYNC1H1,1.0
DYNC1I1,1.0
DYNC1I2,0.934618013658
DYNC1LI1,1.0
DYNC1LI2,1.0
DYNC2H1,1.0
DYNLL1,1.0
DYNLL2,1.0
DYNLRB1,1.0
DYNLRB2,0.880511488818
DYNLT1,1.0
DYNLT3,1.0
DYRK2,1.0
E2F1,0.892611003467
E2F2,1.0
E2F3,1.0
E2F4,1.0
E2F5,1.0
E4F1,1.0
EARS2,1.0
EBAG9,1.0
EBI3,1.06286494018
EBP,10.2508493743
ECH1,1.0
ECHDC1,1.0
ECHS1,1.0
ECM1,0.898950759969
ECM2,1.0
ECSIT,1.0
ECT2,1.0
EDC3,1.0
EDC4,1.35563630418
EDIL3,0.919408682048
EDN1,9.12557962313
EDNRA,1.0
EDNRB,1.0
EEA1,1.0
EED,1.11170345493
EEF1A1,1.0
EEF1A2,1.0
EEF1E1,1.0
EEF2,1.09165460746
EEF2K,1.0
EFEMP1,1.0
EFEMP2,0.930335265481
EFNA1,1.0
EFNA2,1.0
EFNA3,0.903570445231
EFNA4,1.0
EFNA5,0.895294752236
EFNB1,1.0
EFNB2,1.0
EFNB3,1.0
EFTUD1,0.962716354771
EFTUD2,1.0
EGF,1.0
EGFR,1.0
EGLN1,1.0
EGLN2,0.966486663208
EGLN3,1.0
EGR1,1.0
EGR2,1.0
EGR3,1.0
EGR4,1.18248794092
EHD1,1.0
EHD3,1.53414524751
EHD4,1.0
EHHADH,0.89322832352
EI24,1.0
EIF1,1.0
EIF1AX,1.0
EIF2A,0.790107630679
EIF2AK1,1.0
EIF2AK2,1.0
EIF2AK3,1.0
EIF2AK4,1.0
EIF2B1,1.67355025259
EIF2B2,0.876730294902
EIF2B3,0.747370941671
EIF2B4,1.0
EIF2B5,1.0
EIF2S1,1.0
EIF2S2,0.675836926799
EIF2S3,1.0
EIF3A,1.0
EIF4A1,1.0
EIF4A2,1.0
EIF4A3,0.891177318763
EIF4B,3.71805137161
EIF4E,1.0
EIF4E1B,1.0
EIF4E2,1.0
EIF4EBP1,1.0
EIF4EBP2,0.871891714738
EIF4EBP3,0.855721458071
EIF4G1,1.0
EIF4G2,1.0
EIF4G3,0.918923933478
EIF5,1.0
EIF6,0.959300872039
ELANE,1.0
ELAVL1,0.930686032489
ELF1,0.868498435155
ELF2,1.0
ELF5,1.0
ELK1,1.0
ELK3,1.0
ELK4,1.0
ELMO1,1.0
ELMO2,0.898587872214
ELMO3,1.0
ELN,0.960738802813
ELOVL1,1.06702234995
ELOVL2,1.0
ELOVL5,1.08257044915
ELOVL6,1.0
ELP2,1.0
ELSPBP1,0.83961074922
EME1,1.0
EMG1,1.0
EML4,1.0
ENAH,0.782996719091
ENC1,1.0
ENDOG,1.0
ENG,1.14497878346
ENO1,1.0
ENO2,1.0
ENO3,1.0
ENOPH1,1.0
ENPEP,1.61705824735
ENPP1,1.92213339614
ENPP2,1.0
ENPP3,1.50951980755
ENPP6,2.01256163
ENPP7,0.660914627729
ENTPD1,1.0
ENTPD2,1.0
ENTPD3,1.0
ENTPD4,1.0
ENTPD5,0.907717862312
ENTPD6,1.0
ENTPD8,1.0
EOMES,1.0
EP300,0.833379151285
EPAS1,0.730470339627
EPB41,1.0
EPB41L1,1.37865911702
EPB41L2,1.0
EPB41L3,0.88034657417
EPHA1,0.92506108411
EPHA2,1.0
EPHA3,1.43172363637
EPHA4,1.0
EPHA5,0.929667139391
EPHA6,1.0
EPHA7,1.0
EPHA8,1.0
EPHB1,1.0
EPHB2,1.0
EPHB3,1.0
EPHB4,0.886488742917
EPHB6,1.0
EPHX1,1.0
EPHX2,1.0
EPN1,1.0
EPO,1.0
EPOR,1.06277074263
EPPK1,1.0
EPRS,0.776396810883
EPS15,1.0
EPS8,1.0
EPX,1.0
EPYC,0.830216024891
ERBB2,1.08416870619
ERBB2IP,1.08666828848
ERBB3,1.0
ERBB4,1.0
ERC1,0.881244920735
ERCC1,1.0
ERCC2,1.0
ERCC3,0.891388661488
ERCC4,1.0
ERCC5,1.0
ERCC6,1.0
ERCC6L,1.0
ERCC8,0.954406208903
EREG,1.0
ERG,1.0919000207
ERN1,1.09179598409
ESAM,1.0
ESD,0.904268685954
ESPL1,1.0
ESR1,1.0
ESR2,1.34143971911
ESRRA,1.0
ETF1,0.735513399214
ETHE1,1.14564538889
ETNK1,1.30857734925
ETNK2,1.0
ETS1,0.593866403564
ETS2,1.0
ETV1,1.08248219015
ETV3,1.0
ETV4,1.0
ETV5,1.0
ETV6,1.0632084082
ETV7,0.638683297866
EVI5,2.57526184256
EVPL,0.810293597584
EWSR1,1.0
EXO1,1.0
EXOC1,1.50113845713
EXOC2,0.942741923552
EXOC3,1.0
EXOC4,1.0
EXOC5,1.0
EXOC6,1.24165442285
EXOC7,1.0
EXOC8,1.0
EXOSC1,1.0
EXOSC10,1.05246618694
EXOSC2,1.0
EXOSC3,1.0
EXOSC4,0.800270890755
EXOSC5,1.0
EXOSC6,1.0
EXOSC7,1.0
EXOSC8,0.912382087348
EXOSC9,1.0
EXT1,1.0
EXT2,1.0
EXTL1,1.0
EXTL2,1.19423153814
EXTL3,1.36232016999
EYA1,1.10481006338
EZH2,1.17684385009
EZR,1.0755950377
F10,1.35130954629
F11R,0.900171020925
F12,2.40024246831
F13A1,1.0
F2,1.0
F2R,1.09023837735
F2RL1,1.0
F2RL2,1.0
F2RL3,1.0
F3,1.43134173758
F5,1.0
F7,0.852735216783
FA2H,1.0
FAAH2,1.24864119662
FABP1,1.0
FABP3,1.10139374998
FABP4,1.0
FADD,1.0
FADS1,1.0
FADS2,1.29532648677
FAF1,1.0
FAH,1.0
FAHD1,0.835143562126
FAIM,1.0
FAM175A,1.10581093587
FANCA,1.0
FANCB,1.0
FANCC,1.0
FANCD2,1.0
FANCE,1.0
FANCF,0.902158863177
FANCG,1.0
FANCI,1.11620043697
FANCL,1.0
FANCM,0.890231442674
FAR1,1.0
FAR2,1.0
FARP1,1.0
FARP2,1.37431707893
FARS2,1.0
FARSA,1.0
FARSB,1.0
FAS,1.34963204435
FASLG,1.0
FASN,1.0
FAU,1.0
FBL,1.0
FBLIM1,1.0
FBN1,1.0
FBN2,1.73953708347
FBN3,1.40962188049
FBP1,1.0
FBP2,0.909371826716
FBXO11,0.971220496264
FBXO2,1.0
FBXO25,1.0
FBXO32,1.0
FBXO4,1.0
FBXO43,1.0
FBXO45,1.0
FBXO5,1.0
FBXO8,1.0
FBXW11,1.03473371609
FBXW7,1.0
FBXW8,1.18538276069
FCER1A,1.21596603542
FCER1G,1.07541361976
FCER2,1.0
FCF1,0.925044160098
FCGR1A,1.0
FCGR2A,0.80376898136
FCGR2B,1.0
FCGR2C,1.0
FCGR3A,1.65276221197
FCGR3B,1.0
FDFT1,2.4995541495
FDPS,1.0
FDXR,1.18560577428
FECH,0.912036608371
FEN1,0.774644148303
FER,1.0
FERMT2,1.0
FERMT3,1.0
FES,1.00108185239
FEV,0.69980713
FFAR1,1.0
FFAR2,1.0
FGA,1.0
FGB,1.0
FGD1,1.10885053101
FGD3,1.0
FGF1,1.12786131402
FGF10,0.667382501438
FGF11,1.36860852877
FGF12,1.47240639441
FGF13,0.696665725093
FGF14,1.09977951519
FGF16,1.0
FGF17,0.863541114573
FGF18,1.0
FGF19,1.0
FGF2,1.0
FGF20,1.0
FGF21,1.0
FGF22,1.0
FGF23,1.0925604852
FGF3,1.0
FGF4,1.0
FGF5,0.953027240615
FGF6,1.0
FGF7,2.1532971371
FGF8,1.0
FGF9,1.0
FGFR1,0.862331187244
FGFR2,1.0
FGFR3,0.932677389415
FGFR4,0.856055347218
FGG,1.0
FGR,1.0
FH,0.882816555947
FHL2,1.0
FHL5,1.0
FIG4,1.0
FIGF,1.0
FKBP1A,0.960542317699
FKBP3,1.04673497638
FKBP4,0.94810953896
FKBP5,1.0
FKBP8,1.93417220977
FLAD1,0.853939066714
FLI1,1.0
FLNA,1.0893842554
FLNB,1.0
FLNC,1.27620793299
FLOT2,1.0
FLT1,1.0
FLT3,1.0
FLT3LG,1.0
FLT4,1.12106772895
FMN1,1.0
FMO1,1.0
FMO2,0.454772378599
FMO3,1.0
FMO4,1.55996450555
FMO5,1.64367185692
FMO6P,1.0
FN1,0.856786435722
FNTA,1.0
FNTB,1.0
FOLH1,1.05835819156
FOS,0.956486825003
FOSB,2.24418743844
FOSL1,5.87533401801
FOSL2,1.07935588782
FOXA2,1.08486261394
FOXG1,1.0
FOXH1,1.0
FOXM1,1.0
FOXO1,1.0
FOXO3,1.0
FOXO4,1.0
FOXO6,0.934198883883
FOXP1,1.0
FOXP3,1.0
FPGS,1.0
FPGT,1.0
FPR1,1.0
FPR2,1.0
FPR3,1.07596214634
FRAS1,1.04394785603
FRAT1,1.0
FRAT2,1.0
FREM1,1.0
FREM2,1.0
FRK,1.26351006493
FRMD1,1.0
FRMD6,1.0
FRS2,1.0
FRS3,0.844363110768
FRZB,1.0
FSCN1,1.0
FSHB,1.36443424412
FSHR,0.858365151916
FST,1.0
FTCD,1.0
FTH1,1.0
FUCA1,1.0
FUCA2,1.0
FUK,1.0
FURIN,1.0
FUS,1.0
FUT1,1.06425907578
FUT2,1.0
FUT3,1.0
FUT4,0.90337760724
FUT5,1.09651049654
FUT6,1.0
FUT7,1.10511765047
FUT8,1.0
FUT9,1.0
FXN,0.887710961286
FXYD1,0.594716763132
FXYD2,0.872790042427
FYB,1.0
FYN,1.0
FZD1,1.0
FZD10,1.0
FZD2,1.0
FZD3,1.0
FZD4,1.0
FZD5,1.0
FZD6,1.10545183038
FZD7,1.0
FZD8,1.0
FZD9,1.0
FZR1,1.10827706083
G6PC,1.0
G6PC2,1.0
G6PC3,1.0
G6PD,1.0
GAA,1.0
GAB1,0.950293840807
GAB2,1.06285123061
GABARAP,1.09142716842
GABARAPL1,1.0
GABARAPL2,0.924773220044
GABBR1,1.0
GABBR2,1.0
GABRA1,0.945431951361
GABRA2,1.0
GABRA3,0.682118907424
GABRA4,1.07211841004
GABRA5,1.0
GABRA6,1.0
GABRB1,1.0
GABRB2,0.677028346802
GABRB3,0.862631837047
GABRD,1.0
GABRE,0.95542122656
GABRG1,1.0
GABRG2,1.04907309415
GABRG3,1.0
GABRP,1.20118628924
GABRQ,2.77948502647
GABRR1,1.0
GABRR2,1.0
GABRR3,0.91967826557
GAD1,1.0
GAD2,1.0
GADD45A,0.688675082439
GADD45B,1.0
GADD45G,1.23699163402
GADL1,1.0
GAL3ST1,1.0
GALC,1.0
GALE,1.0
GALK1,4.43613640066
GALK2,1.0
GALM,1.17592895923
GALNS,1.07681458183
GALNT1,1.0638689941
GALNT10,1.05905134762
GALNT11,1.0
GALNT12,1.07084695043
GALNT13,0.892509387879
GALNT14,1.0
GALNT2,1.73582572441
GALNT3,1.08015599922
GALNT4,0.876692904774
GALNT5,1.08041968151
GALNT6,1.0
GALNT7,1.0
GALNT8,1.0
GALNT9,0.943870874686
GALNTL5,1.0
GALNTL6,3.20424029543
GALR1,0.796251870176
GALR2,1.0
GALR3,1.08932925039
GALT,1.0
GAMT,1.0
GANAB,1.0
GANC,5.40716668952
GAP43,1.0
GAPDH,1.0
GAPDHS,1.0
GAR1,1.0
GARS,1.09848932133
GART,1.0
GAS1,1.0
GAS2,1.0
GAS6,1.0
GAS8,1.06599478307
GAST,1.0
GATA1,1.0
GATA2,1.0
GATA3,0.830573984622
GATA4,0.828649977743
GATA6,1.06357496508
GATAD2A,1.0
GATAD2B,1.12998029171
GATM,1.42793956221
GBA,1.0
GBA2,1.39333509204
GBA3,1.0
GBE1,1.0
GBF1,1.0
GBGT1,0.783976625318
GBP3,0.935512179576
GCAT,1.0
GCDH,0.857193452899
GCG,1.0
GCGR,1.0
GCH1,1.11290311992
GCK,1.0
GCLC,1.0
GCLM,0.910390440124
GCNT1,0.902868272736
GCNT2,1.17694006066
GCNT3,1.0
GCNT4,1.0
GCNT7,1.0
GCSH,1.0
GDA,1.0
GDF1,0.921724354537
GDF10,1.06886993147
GDF15,1.0
GDF2,1.0864261629
GDF5,1.0
GDF6,0.943099491363
GDF9,0.789117325583
GDI1,1.0
GDNF,1.25993011662
GFAP,1.0
GFER,1.0
GFI1,1.16706870303
GFPT1,1.18614010867
GFPT2,1.0
GFRA1,1.0
GFRA2,1.0
GFRA3,1.0
GFRA4,1.0
GGA1,0.940056271325
GGA2,1.0
GGA3,1.0
GGCT,1.0
GGH,1.05005897717
GGPS1,0.892379081527
GGT1,1.0
GGT3P,1.0
GGT5,0.93286466629
GGT6,1.0
GGT7,1.0
GH1,1.0
GH2,1.20924447261
GHR,1.0
GHRH,1.0
GHRHR,0.959452577688
GHRL,1.0
GHSR,1.04253416444
GIF,1.0
GIP,1.0
GIPC1,1.0
GIPR,0.927174787933
GIT1,1.0
GIT2,1.0
GJA1,1.0592882994
GJA4,1.0
GJA5,0.903556198862
GJD2,1.0
GK,1.0
GK2,1.0
GK5,1.0
GLA,1.0
GLB1,1.0
GLCE,1.3229833778
GLDC,1.0
GLG1,1.0
GLI1,1.34850324474
GLI2,1.21960506186
GLI3,0.931250607678
GLO1,1.0
GLP1R,1.0
GLP2R,3.15831930135
GLRA1,0.770697433633
GLRA2,1.0
GLRA3,1.0
GLRA4,1.0
GLRB,1.10893903255
GLRX,1.0
GLS,1.0
GLS2,1.0
GLUD1,1.0
GLUD2,1.06786599303
GLUL,0.93630831678
GLYCTK,1.0
GM2A,1.0
GMDS,1.0
GMFG,1.0
GMPPA,1.0
GMPPB,1.0
GMPR,1.0
GMPR2,1.0
GMPS,1.0
GNA11,1.0
GNA12,1.0
GNA13,1.0
GNA14,1.09825598308
GNA15,1.0
GNAI1,1.1700247311
GNAI2,1.0
GNAI3,1.0
GNAL,1.0
GNAO1,1.0
GNAQ,1.0
GNAS,0.877393092854
GNAT1,1.16366274932
GNAT2,1.0
GNAT3,1.37430352975
GNAZ,1.0
GNB1,1.0
GNB2,1.0
GNB2L1,1.0
GNB3,1.0
GNB4,1.15553831362
GNB5,1.0
GNE,1.0
GNG10,1.0
GNG11,1.0
GNG12,1.0
GNG13,1.0
GNG2,1.0
GNG3,2.40417210246
GNG4,1.0
GNG5,1.0
GNG7,1.0
GNG8,1.46822004889
GNGT1,1.0
GNGT2,1.26943921553
GNL2,1.09732324549
GNL3,1.0
GNL3L,1.0
GNMT,0.936316780195
GNPAT,1.0
GNPDA1,0.493971537511
GNPDA2,1.1777693492
GNPNAT1,0.932824401894
GNPTAB,0.737601828024
GNPTG,1.0
GNRH1,1.0
GNRH2,1.0
GNRHR,1.0
GNS,1.0
GOLGA2,1.0
GOLPH3,0.942825941818
GOLPH3L,1.10264044568
GOLT1A,1.0
GORASP1,1.0
GOSR2,1.0
GOT1,1.27576070328
GOT1L1,1.0
GOT2,0.961190078039
GP1BA,0.906054885107
GP5,0.862737414833
GP6,1.0
GP9,1.0
GPAA1,1.14917398322
GPAM,0.789428804872
GPAT2,1.0
GPC1,0.683395582456
GPC2,1.0
GPC3,1.0
GPC6,0.930252035216
GPD1,1.0
GPD1L,1.07347310395
GPD2,0.956787595812
GPHN,0.875749517857
GPI,1.0
GPLD1,1.0
GPR119,1.0
GPR156,1.0
GPR35,0.547704017108
GPR37,1.07462909715
GPR50,1.0
GPR83,0.95702101935
GPS2,1.0
GPSM1,1.0
GPT2,0.738808693537
GPX1,1.0
GPX2,1.0
GPX3,1.63433170799
GPX4,1.0
GPX5,1.0
GPX6,1.12678029902
GPX7,1.91351361597
GPX8,1.0
GRAMD4,0.913121994163
GRAP,0.777260892473
GRAP2,1.0
GRB10,1.0
GRB14,1.03733942819
GRB2,0.931712833907
GRB7,1.0
GREB1,1.13983749009
GREM1,1.0
GRHPR,1.0
GRIA1,1.0
GRIA2,1.32816971621
GRIA3,1.50475830002
GRIA4,1.0
GRID1,0.929034421368
GRID2,1.0823575216
GRIK1,1.0
GRIK2,1.0
GRIK3,2.25291679145
GRIK4,0.740944971083
GRIK5,1.0
GRIN1,0.812071861054
GRIN2A,1.07432860995
GRIN2B,1.0
GRIN2C,1.0
GRIN2D,1.0
GRIN3A,1.0
GRIN3B,1.0
GRIP1,1.0
GRK1,0.870212208608
GRK4,1.0
GRK5,1.0
GRK6,1.0
GRK7,1.0
GRM1,1.70203944919
GRM2,1.0
GRM3,1.0
GRM4,1.0
GRM5,1.0
GRM6,1.0
GRM7,1.34380544298
GRM8,1.0
GRPR,1.22898756704
GSC,1.0
GSK3A,1.0
GSK3B,1.0
GSN,1.0
GSPT1,1.11707349435
GSPT2,1.0
GSR,1.0
GSS,0.299939249643
GSTA1,1.0
GSTA2,1.0
GSTA3,0.69499486122
GSTA4,1.0
GSTA5,0.926336443356
GSTK1,1.0
GSTM1,1.54182888359
GSTM2,1.0
GSTM3,1.0
GSTM4,1.07800056391
GSTM5,1.12661188211
GSTO1,0.899301550162
GSTO2,1.0
GSTP1,1.0
GSTT1,1.28639567976
GSTT2,1.0953493732
GSTT2B,1.0
GSTZ1,1.2071367477
GTF2A1,1.0
GTF2A1L,1.0
GTF2A2,1.44521706326
GTF2B,1.0
GTF2E1,0.731653589227
GTF2E2,1.0
GTF2F1,0.874013972723
GTF2F2,1.08324850086
GTF2H1,0.929629295189
GTF2H2,1.0
GTF2H3,2.03630462267
GTF2H4,1.0
GTF2H5,1.22273785266
GTF2I,0.774927346342
GTF2IRD1,1.0
GTF3A,1.0
GTF3C1,1.0
GTF3C3,1.0
GTF3C4,0.841904930128
GTF3C5,1.0
GTPBP4,1.07296977459
GTSE1,1.0
GUCA1A,1.0
GUCA1B,1.0
GUCA1C,1.0
GUCY1A2,1.0
GUCY1A3,0.963332858978
GUCY1B2,0.848658590375
GUCY1B3,0.937908907955
GUCY2C,1.0
GUCY2D,1.0
GUCY2F,1.0
GUK1,1.0
GULP1,1.63563307755
GUSB,1.0
GXYLT1,1.0
GXYLT2,1.0
GYG1,1.0
GYG2,1.20013734706
GYPA,1.4349745767
GYS1,1.0
GYS2,1.0
GZMA,0.726512015259
GZMB,1.0
H2AFX,1.0
H2AFZ,1.0
H2BFM,1.0
H2BFWT,1.0
H3F3A,1.0
H3F3B,0.918500968226
H6PD,1.0
HAAO,1.0
HACE1,1.0
HACL1,1.0
HADH,1.0
HADHA,1.0
HADHB,1.0
HAGH,1.0
HAGHL,1.17341734548
HAL,0.655988138251
HAND1,1.0
HAND2,1.0
HAO1,1.0
HAO2,1.0
HAPLN1,1.18837067742
HAPLN2,1.0
HAPLN3,0.928193776348
HAPLN4,1.0
HARS,1.0
HAT1,0.796439615196
HBEGF,1.0
HBP1,1.0
HCCS,1.0
HCK,1.06418777626
HCLS1,1.0
HCN2,1.0
HCN4,1.0
HCRT,1.0
HCRTR1,0.939013110352
HCRTR2,1.0
HCST,0.919274411355
HDAC1,1.0
HDAC10,1.0
HDAC11,1.0
HDAC2,0.886432706017
HDAC3,1.0
HDAC4,0.926183135356
HDAC5,1.0
HDAC6,0.833764484196
HDAC7,1.0
HDAC8,0.742831645788
HDAC9,1.0
HDC,1.0
HDDC3,0.421975027331
HDGF,1.0
HEATR1,1.0
HECA,0.896401597965
HECW1,1.0
HECW2,1.0
HELLS,1.0
HEPH,1.0
HERC1,1.10178622357
HERC2,1.28873369902
HERC3,1.10194980177
HERC4,1.0
HES1,1.83144167177
HES5,0.917905172777
HEXA,0.915241599209
HEXB,1.07431104457
HEXDC,1.0
HEY1,0.912524183266
HEY2,1.0
HFE2,0.889283160651
HGD,1.0
HGF,0.899824078004
HGS,1.0
HGSNAT,0.830694953237
HHAT,1.08803958766
HHEX,1.0
HHIP,0.753291393497
HIBADH,1.0
HIBCH,1.0
HIC1,1.0
HIF1A,1.0
HIF1AN,1.0
HIF3A,0.963278490176
HIP1,1.09527183992
HIPK2,1.10538843326
HIST1H1E,1.0
HIST1H2BA,1.0
HIST1H2BB,0.704054558104
HIST1H2BC,0.820295894116
HIST1H2BD,1.0
HIST1H2BE,1.0
HIST1H2BF,1.0
HIST1H2BG,0.862897811614
HIST1H2BH,1.0
HIST1H2BI,4.48926826475
HIST1H2BJ,1.09994890421
HIST1H2BK,1.77473895204
HIST1H2BL,1.0
HIST1H2BM,1.0
HIST1H2BN,1.0
HIST1H2BO,1.0
HIST1H3A,1.0
HIST1H3B,1.0
HIST1H3C,0.760975363874
HIST1H3D,1.0
HIST1H3E,1.0
HIST1H3F,1.0
HIST1H3G,1.0
HIST1H3H,0.693023145053
HIST1H3I,1.0
HIST1H3J,1.06055540915
HIST1H4A,1.08599408077
HIST1H4B,1.0
HIST1H4C,0.878411765904
HIST1H4D,1.0
HIST1H4E,0.619961351909
HIST1H4F,1.0
HIST1H4G,1.0
HIST1H4H,1.0
HIST1H4I,1.36127673698
HIST1H4J,0.88679309166
HIST1H4K,1.0
HIST1H4L,1.48648327124
HIST2H2BE,1.0
HIST2H2BF,1.0
HIST2H3A,1.0
HIST2H3C,1.0
HIST2H3D,0.887788242946
HIST2H4A,1.0
HIST2H4B,1.0
HIST3H2BB,1.0
HIST3H3,1.0
HIST4H4,1.0
HK1,1.1567782328
HK2,0.693144633777
HK3,0.884058242967
HKDC1,1.9124346077
HLA-A,1.0
HLA-B,0.912749115739
HLA-C,1.0
HLA-DMA,1.09544034504
HLA-DMB,0.504306875541
HLA-DOA,1.0
HLA-DOB,1.0
HLA-DPA1,1.0
HLA-DPB1,1.0
HLA-DPB2,1.0
HLA-DQA1,1.0
HLA-DQA2,1.0
HLA-DQB1,0.641181547498
HLA-DQB2,1.0
HLA-DRA,1.0
HLA-DRB1,1.0
HLA-DRB3,1.09574881057
HLA-DRB4,1.0
HLA-DRB5,1.0
HLA-E,1.0
HLA-F,1.11397856516
HLA-G,1.0
HLCS,1.0
HLTF,1.0
HMBS,1.0
HMGA1,1.0
HMGA2,1.0
HMGB1,0.853155109249
HMGB2,1.0
HMGCL,1.0
HMGCLL1,1.0
HMGCR,1.0
HMGCS1,1.0
HMGCS2,0.943136355503
HMGN1,1.0
HMMR,1.0
HMOX1,1.0
HMOX2,1.0
HNF1A,1.0
HNF1B,1.0
HNF4A,1.06930481123
HNMT,1.0
HNRNPA1,1.22340792927
HNRNPA1L2,1.0
HNRNPA3,1.0
HNRNPC,4.97115098605
HNRNPK,1.0
HNRNPM,0.716163055845
HNRNPU,1.0
HOMER1,1.0
HOMER2,1.0
HOMER3,0.928218606066
HOOK3,1.0
HOPX,0.897834368463
HOXA10,1.37437517742
HOXA11,1.0
HOXA7,0.551622363519
HOXA9,1.0
HPD,1.0
HPGD,1.0
HPGDS,1.0
HPN,1.25517736337
HPRT1,1.0
HPSE,0.884365773741
HPSE2,1.0
HRAS,1.0
HRH1,1.0
HRH2,1.0
HRH3,1.0
HRH4,1.0
HRK,1.0
HS2ST1,1.0
HS3ST1,1.95345867734
HS3ST2,1.07494087178
HS3ST3A1,1.0
HS3ST3B1,0.836911084729
HS3ST4,0.921541781145
HS3ST5,1.0
HS3ST6,1.0
HS6ST1,0.918195638843
HS6ST2,1.0
HS6ST3,1.0
HSD11B1,1.0
HSD11B2,1.45262220869
HSD17B1,1.46589316137
HSD17B10,1.0
HSD17B11,0.633077495448
HSD17B12,1.21037503235
HSD17B2,1.0
HSD17B3,1.0
HSD17B4,1.0
HSD17B6,0.6242335774
HSD17B7,1.0
HSD17B7P2,1.0
HSD17B8,1.0
HSD3B1,1.74228390176
HSD3B2,1.0
HSD3B7,1.0
HSF1,1.27150537522
HSP90AA1,1.0
HSP90AB1,1.0
HSP90B1,0.875405753413
HSPA1A,0.916971642182
HSPA1B,1.0
HSPA1L,1.0
HSPA2,1.0
HSPA4,1.0
HSPA5,1.0
HSPA6,1.05507924906
HSPA8,0.894817309642
HSPA9,2.77277761577
HSPB1,4.30393322812
HSPB2,1.0
HSPD1,0.911619703934
HSPG2,1.0
HTR1A,0.831108220478
HTR1B,3.71421461248
HTR1D,0.564531048225
HTR1E,0.858594247476
HTR1F,0.486361195129
HTR2A,0.896929730005
HTR2B,1.0
HTR2C,0.933990154331
HTR4,0.867674759573
HTR5A,0.550336091343
HTR6,1.0
HTR7,1.0
HTRA2,1.0
HTT,1.0
HUS1,1.89046903036
HUWE1,1.0
HYAL1,1.0
HYAL2,1.11348573243
HYAL3,1.0
HYAL4,1.06465128835
HYI,1.0
IARS,1.0
IARS2,1.07263805798
IBSP,1.0
IBTK,1.0
ICA1,0.929390241606
ICAM1,1.0
ICAM2,1.0
ICAM3,1.0
ICAM4,1.0
ICMT,1.0
ICOS,0.929390496884
ID1,1.12665010114
ID2,1.09743910617
ID3,1.0
ID4,1.0
IDH1,1.0
IDH2,0.899533418024
IDH3A,1.0
IDH3B,1.0
IDH3G,1.0
IDI1,0.901763897826
IDI2,1.0
IDO1,1.97885267725
IDO2,1.0
IDS,1.0
IDUA,2.10041475449
IFIH1,1.0
IFNA1,1.0
IFNA10,0.840354151805
IFNA13,0.696035096017
IFNA14,1.0
IFNA16,1.0
IFNA17,1.0
IFNA2,1.0
IFNA21,1.26750117927
IFNA4,1.0
IFNA5,1.33797006938
IFNA6,1.07631901297
IFNA7,1.0
IFNA8,1.2043051241
IFNAR1,1.0
IFNAR2,1.0
IFNB1,1.78657802494
IFNE,1.0
IFNG,1.0
IFNGR1,1.07891739531
IFNGR2,1.0
IFNK,1.0
IFNW1,1.15105816232
IGF1,1.0
IGF1R,1.16871111054
IGF2,1.0
IGF2BP1,0.929460550742
IGF2R,1.0
IGFBP1,1.0
IGFBP2,1.0
IGFBP3,1.0
IGFBP4,1.0690433528
IGFBP5,1.0
IGFBP6,1.0
IGFBP7,0.826715247342
IGLL1,1.0
IGSF5,1.0
IGSF8,1.0
IHH,0.651124125366
IKBKB,0.531460210013
IKBKE,1.0
IKBKG,1.0
IKZF1,1.09773173144
IKZF3,1.0
IL10,1.05956603738
IL10RA,1.09362686405
IL10RB,1.0
IL11,1.0
IL11RA,1.04439618754
IL12A,1.0
IL12B,1.0
IL12RB1,1.16338051898
IL12RB2,1.0
IL13,0.845225233154
IL13RA1,0.927481426316
IL13RA2,0.884057988512
IL15,0.930996593337
IL15RA,1.07135567829
IL16,0.946020770315
IL17A,1.45876686353
IL17B,1.0
IL17C,1.13262039256
IL17D,1.09407022917
IL17F,1.0
IL17RA,1.0
IL17RC,1.0
IL17RD,1.36419724225
IL18,0.627009476999
IL18R1,1.0
IL18RAP,0.873476190181
IL19,1.14058131334
IL1A,1.0557019075
IL1B,1.09164343196
IL1R1,1.06949808204
IL1R2,1.0
IL1RAP,1.05565997196
IL1RN,0.860208061092
IL2,1.0
IL20,0.933922514041
IL20RA,1.0
IL20RB,1.0
IL21,1.09435910734
IL21R,1.0
IL22,0.791943481025
IL22RA1,0.823884894075
IL22RA2,1.0
IL23A,1.20783610203
IL23R,1.0
IL24,1.0
IL26,1.0
IL27,1.0635386749
IL27RA,1.15707919915
IL2RA,1.0
IL2RB,1.0
IL2RG,1.0
IL3,1.0
IL3RA,1.0
IL4,1.0
IL4I1,0.83411903503
IL4R,1.2733303929
IL5,1.0
IL5RA,1.0
IL6,0.587376566218
IL6R,0.814137453575
IL6ST,1.0
IL7,1.0
IL7R,0.830544864876
IL8,1.0
IL9,1.0
IL9R,1.0
ILK,0.826851193378
ILKAP,0.884469706232
IMMP1L,0.618734666142
IMMP2L,1.0925533848
IMP3,1.0
IMP4,1.42673682832
IMPA1,1.0
IMPA2,1.0
IMPAD1,1.0
IMPDH1,1.0
IMPDH2,1.0
IMPG1,1.0
IMPG2,1.0
INA,1.0
INADL,0.958124865443
INCENP,1.0
ING2,1.0
INHBA,1.0
INHBB,1.0
INHBC,1.08681967958
INHBE,1.0
INMT,1.0
INPP1,1.0
INPP4A,1.0
INPP4B,1.0
INPP5A,0.809196642397
INPP5B,1.0
INPP5D,0.735589138745
INPP5E,1.0
INPP5F,1.0
INPP5J,1.0
INPP5K,1.0
INPPL1,1.0
INS,1.0
INSR,1.0
INSRR,0.519735593527
IP6K1,0.866425558283
IP6K2,0.925618879979
IP6K3,1.0
IPMK,1.0
IPPK,1.0
IQGAP1,1.0
IQGAP2,1.0
IQGAP3,0.902252049517
IQSEC1,1.0
IRAK1,1.0
IRAK2,1.0
IRAK3,1.0
IRAK4,1.0
IREB2,0.921573281445
IRF1,1.0
IRF3,1.0
IRF4,0.94111533781
IRF5,1.26021382046
IRF7,1.14454723006
IRF8,1.0
IRF9,1.0
IRS1,1.0
IRS2,1.0
IRS4,1.0
ISY1,1.0
ISYNA1,1.07087563064
ITCH,1.0
ITGA1,1.0
ITGA10,1.0
ITGA11,0.893745349139
ITGA2,1.09184172013
ITGA2B,1.0
ITGA3,1.0
ITGA4,1.0
ITGA5,1.11042268686
ITGA6,1.0
ITGA7,1.0
ITGA8,1.27059025022
ITGA9,1.0
ITGAD,1.0
ITGAE,1.0
ITGAL,1.0
ITGAM,0.912828905122
ITGAV,3.18250454382
ITGAX,1.0
ITGB1,1.0
ITGB1BP1,0.947041220508
ITGB1BP2,1.09527191427
ITGB2,1.17696262507
ITGB3,1.0
ITGB3BP,1.0
ITGB4,1.0
ITGB5,1.0
ITGB6,1.0
ITGB7,1.0
ITGB8,1.0
ITGBL1,1.0
ITK,1.0
ITPA,1.0
ITPK1,1.18075806381
ITPKA,1.0
ITPKB,1.0
ITPKC,1.0
ITPR1,0.937553579989
ITPR2,1.0
ITPR3,1.0
ITSN1,1.0
ITSN2,1.0
IVD,1.0
JAG1,0.616271494457
JAG2,0.885737889348
JAK1,1.0
JAK2,1.0
JAK3,1.0
JAM2,1.0
JAM3,0.864064704425
JDP2,1.0
JMJD1C,0.964472396132
JUN,3.23797055631
JUNB,1.0
JUND,1.08250878422
JUP,1.0
KALRN,0.735067460417
KARS,1.0
KAT2A,0.851368477017
KAT2B,1.0
KAT5,1.0
KATNA1,1.0
KCMF1,1.14030878121
KCNA4,1.15496788962
KCNA5,1.0
KCNB1,0.946405976341
KCNE1,0.943551552692
KCNE2,1.0
KCNE3,0.742354552881
KCNIP3,0.661598728367
KCNIP4,1.0
KCNJ1,0.862990262769
KCNJ10,1.0
KCNJ11,0.657004158891
KCNJ12,1.56289700379
KCNJ13,1.0
KCNJ14,1.0
KCNJ15,1.0
KCNJ16,1.0
KCNJ2,1.0
KCNJ3,1.0
KCNJ4,1.0
KCNJ5,1.5896537415
KCNJ6,1.0
KCNJ8,1.0
KCNJ9,1.0
KCNK1,1.0
KCNK10,1.0
KCNK12,1.0
KCNK13,1.0
KCNK15,1.0
KCNK16,1.0
KCNK17,1.0
KCNK2,0.791989773494
KCNK3,0.910390504197
KCNK4,1.0
KCNK5,1.0
KCNK6,1.0
KCNK7,1.0
KCNMA1,1.0
KCNMB1,2.55260810387
KCNMB2,1.0
KCNMB3,1.1588532108
KCNMB4,0.950680202284
KCNN4,1.0
KCNQ1,1.0
KCNRG,0.735160285119
KCNT1,1.0
KCNT2,1.12037377474
KCNU1,1.0
KCNV1,1.0
KCNV2,1.0
KCTD1,1.0
KCTD10,1.0
KCTD11,1.0
KCTD12,1.33214741341
KCTD13,1.0
KCTD14,2.05575976985
KCTD15,1.0
KCTD2,1.0
KCTD3,1.0
KCTD4,1.0
KCTD5,1.0
KCTD6,1.0
KCTD7,0.943161243661
KCTD8,1.0
KCTD9,1.26509814311
KDELR1,1.0
KDELR2,1.0
KDELR3,1.05703570766
KDR,1.0
KDSR,1.0
KEAP1,1.19036627075
KHDRBS1,0.914494374081
KHK,1.0
KHSRP,1.0
KIDINS220,0.90763720879
KIF13B,1.0
KIF15,1.0
KIF17,1.0
KIF20A,1.0
KIF23,0.677944086683
KIF2A,1.0
KIF2C,0.799072591758
KIF5A,2.03791666257
KIF5B,2.65475220269
KIF5C,0.927237958302
KIFC3,0.758416729311
KIR2DL1,1.0
KIR2DL2,1.0
KIR2DL3,1.09842969605
KIR2DL4,1.33468596155
KIR2DL5A,1.08640893742
KIR2DS1,1.0
KIR2DS2,1.0
KIR2DS3,1.0
KIR2DS4,2.36573045384
KIR2DS5,1.0923087545
KIR3DL1,1.0
KIR3DL2,1.0
KIR3DL3,0.804875044849
KIRREL,1.0
KISS1R,1.0
KIT,1.15887461137
KITLG,1.2223420984
KL,1.28458329573
KLC1,0.929612009273
KLF10,1.04645441566
KLF2,1.0973528019
KLF3,1.0
KLF4,1.0
KLHL12,1.0
KLHL13,1.0
KLHL20,1.0
KLHL9,1.0
KLK1,1.0
KLK2,0.926896558299
KLK3,1.0
KLK4,0.888662029655
KLK6,1.0
KLRC1,1.0
KLRC2,1.0
KLRC3,1.0
KLRC4,1.0
KLRD1,1.0
KLRG1,1.0
KLRK1,2.93776459202
KMO,2.73870341973
KNDC1,1.0
KNG1,1.07500994523
KPNA1,1.0
KPNA2,1.0
KPNB1,1.10790173817
KRAS,0.943750965777
KREMEN1,1.16582931792
KREMEN2,1.0
KRIT1,1.0
KRT1,1.0
KRT13,1.0
KRT14,1.0
KRT17,1.0
KRT18,1.08063859624
KRT19,1.0
KRT5,1.15561593225
KRT8,1.0
KSR1,1.0
KSR2,0.892052016254
KYNU,1.34146242623
L1CAM,1.20725417504
LALBA,1.0
LAMA1,1.0
LAMA2,1.0
LAMA3,0.841115180236
LAMA4,1.0
LAMA5,1.28705238133
LAMB1,1.0
LAMB2,0.898944792037
LAMB3,0.862285990783
LAMB4,0.87243909696
LAMC1,1.97414736441
LAMC2,1.0
LAMC3,1.07933312833
LAMP1,1.0
LAMP2,1.0
LAMP3,1.07198585581
LAP3,0.859716365764
LAPTM4A,1.0
LAPTM4B,0.877573870441
LAPTM5,1.0
LARS,1.0
LARS2,0.880690141438
LASP1,0.684505998782
LAT,1.0
LAT2,1.68360895291
LATS1,1.0
LATS2,1.0
LBP,1.14661112286
LBR,1.0
LCAT,1.0
LCK,1.0
LCLAT1,0.747751238801
LCMT2,1.0
LCOR,1.0
LCP1,1.0
LCP2,1.0
LCT,1.0
LDB1,1.0
LDHA,1.0
LDHAL6A,1.10785567626
LDHAL6B,1.0
LDHB,1.0
LDHC,1.0
LDHD,1.0
LDLR,0.913290735637
LECT2,0.92867091644
LEF1,1.0
LEFTY1,1.0
LEFTY2,1.0
LEP,1.20475040598
LEPR,1.08642863356
LFNG,1.0
LGALS1,1.0
LGALS3,1.0
LGMN,1.47532997711
LHB,1.0
LHCGR,0.825876120631
LHPP,1.0
LHX3,1.0
LIAS,1.0
LIF,1.0
LIFR,1.0
LIG1,1.49220581914
LIG3,0.956428999075
LIG4,1.08472377907
LILRA1,1.0
LILRA2,1.5510228522
LILRA3,0.956528260706
LILRA4,1.21468479124
LILRA5,1.11848405263
LILRA6,1.07602140264
LILRB1,1.14710447707
LILRB2,0.643045057775
LILRB3,1.0
LILRB4,1.18954251791
LILRB5,1.28356962958
LIMA1,0.872615834688
LIMD1,1.0
LIMK1,1.07762802788
LIMK2,1.03714351605
LIMS1,1.0
LIMS2,1.49477793173
LIN28B,1.42853933325
LINGO1,0.913954149167
LIPA,1.0
LIPC,1.0
LIPE,1.0
LIPF,1.0
LIPG,0.916992482504
LIPT1,1.0
LLGL1,1.37316532962
LLGL2,1.0
LMAN1,1.0
LMBRD1,1.0
LMNA,1.0
LMNB1,0.902677226247
LMNB2,1.0
LMO2,0.850391586702
LMO4,1.0
LMO7,1.0
LMTK2,1.0
LMTK3,1.0
LNPEP,0.846718446384
LOC390877,17.7484331616
LOC643802,0.893216107096
LOC648044,1.0
LOC81691,1.0
LPA,0.965277178214
LPAR1,1.43517916325
LPAR2,1.24754457888
LPAR3,1.0
LPAR4,0.94630856758
LPAR5,1.0
LPCAT1,1.0
LPCAT2,1.0
LPCAT3,1.0
LPCAT4,1.24566735268
LPIN1,1.06397604526
LPIN2,1.0
LPIN3,1.0
LPL,0.412656121209
LPP,1.0
LRAT,1.0
LRIG1,1.0
LRP1,1.0
LRP2,1.62416375716
LRP5,0.91944108321
LRP6,1.0
LRP8,1.0
LRPAP1,1.0
LRPPRC,1.0
LRTOMT,1.0
LSG1,1.0
LSM1,3.96814045658
LSM2,1.0
LSM3,1.16696878967
LSM4,1.0
LSM5,0.884226341707
LSM6,1.0
LSM7,1.0
LSM8,1.0
LSP1,1.0
LSS,1.08514836396
LTA,1.0
LTA4H,1.08124149145
LTB,0.796375351197
LTB4R,1.07976519424
LTB4R2,4.84622896622
LTBP1,1.19065206585
LTBP2,1.0
LTBP3,0.895586349576
LTBP4,1.0884217753
LTBR,1.31255950608
LTC4S,1.22938934296
LY96,1.31280128931
LYL1,0.947632064821
LYN,1.0
LYPLA1,1.05483379873
LYPLA2,1.0
LYZ,1.0
M6PR,1.573199924
MAD1L1,1.0
MAD2L1,1.0
MAD2L2,0.919074312887
MADCAM1,1.16307667277
MADD,1.0
MAF,1.0
MAFG,0.765997865162
MAG,0.800193624885
MAGED1,1.12994824153
MAGEH1,1.0
MAGI1,1.18859558331
MAGI2,1.0
MAGI3,1.11154907283
MAGOH,0.849541381763
MAGOHB,1.0
MAL,0.792006772665
MALT1,1.0
MAML1,1.0
MAML2,0.88007624759
MAML3,0.896452273706
MAN1A1,1.26963920361
MAN1A2,1.0
MAN1B1,1.0
MAN1C1,1.0
MAN2A1,0.928719738685
MAN2A2,1.0
MAN2B1,1.0
MAN2B2,1.0
MAN2C1,1.0
MANBA,1.10105169938
MAOA,1.0
MAOB,1.0
MAP1A,0.602478456614
MAP1B,0.512813273086
MAP2,1.0
MAP2K1,1.0
MAP2K2,1.0
MAP2K3,0.947390109607
MAP2K4,1.0
MAP2K5,1.0
MAP2K6,1.05793294326
MAP2K7,1.0
MAP3K1,1.07197174358
MAP3K10,1.0
MAP3K11,1.0
MAP3K12,1.0
MAP3K13,6.11096295854
MAP3K14,1.0
MAP3K2,1.0
MAP3K3,1.0
MAP3K4,1.0
MAP3K5,1.0
MAP3K6,0.88638962886
MAP3K7,0.811746960745
MAP3K8,1.0
MAP3K9,1.0
MAP4,1.12609247835
MAP4K1,1.0
MAP4K2,0.798789584437
MAP4K3,1.12255194738
MAP4K4,1.0
MAP4K5,1.08835095572
MAPK1,1.0
MAPK10,0.95298325609
MAPK11,0.868564752853
MAPK12,1.0
MAPK13,0.839910920639
MAPK14,0.931794977918
MAPK3,0.844293767859
MAPK4,0.734488969227
MAPK6,1.0
MAPK7,0.917047870836
MAPK8,1.0
MAPK8IP1,1.0
MAPK8IP2,1.04437124854
MAPK8IP3,1.0
MAPK9,1.0
MAPKAP1,0.936396454477
MAPKAPK2,1.0
MAPKAPK3,1.07866832655
MAPKAPK5,1.0
MAPRE1,1.0
MAPT,1.09968498735
MARCKS,1.0
MARCKSL1,1.0
MARCO,3.09782314844
MARK2,1.0
MARK4,1.0
MARS,1.0
MARS2,1.0
MAS1,1.09816684536
MASP1,1.12724268329
MASP2,1.0
MAST2,1.0
MAT1A,1.0
MAT2A,2.80300316471
MAT2B,1.22862490057
MATK,0.860284934799
MAX,1.0
MBD2,1.0
MBD3,1.0
MBD3L2,1.0
MBD4,1.0
MBL2,1.06534825185
MBOAT1,1.0
MBOAT2,0.680513088435
MBOAT7,1.0
MBTPS1,1.0
MBTPS2,1.0
MC1R,1.88415016736
MC2R,1.0
MC3R,1.0
MC4R,1.0
MC5R,1.0
MCAT,1.10377011667
MCCC1,0.716348364075
MCCC2,1.0
MCEE,1.0
MCF2,1.0
MCF2L,0.624430632349
MCHR1,1.0
MCHR2,1.0
MCL1,0.821715873612
MCM2,1.0
MCM3,1.0
MCM4,0.898121014652
MCM5,2.12684627262
MCM6,0.780615441016
MCM7,1.0
MCOLN1,0.751239651689
MCRS1,1.0
MDC1,1.0
MDFIC,1.0
MDH1,1.0
MDH2,1.0
MDK,1.0
MDM2,1.04229329059
MDM4,1.0
MDN1,1.0
ME1,0.875354527727
ME2,1.0
ME3,1.04110002011
MECP2,0.901330653679
MECR,0.830994870287
MED1,1.1034843154
MED12,1.0
MED13,1.0
MED15,1.18347834488
MED16,1.0
MED24,1.0
MEF2A,1.0
MEF2B,0.953558622354
MEF2C,1.0
MEF2D,1.0
MEIS1,1.0
MEN1,1.0
MEP1A,1.22155175544
MEP1B,1.0
MEPE,1.0
MERTK,0.794904051802
MET,1.0
MFAP2,1.0
MFAP5,0.884247705191
MFGE8,0.911844054188
MFNG,1.0
MFSD8,1.0
MGAM,1.0
MGAT1,1.0
MGAT2,1.0
MGAT3,1.22453742891
MGAT4A,0.951362971059
MGAT4B,1.0
MGAT4C,1.0
MGAT5,1.14679808975
MGAT5B,1.0
MGEA5,1.0
MGLL,1.0
MGP,0.651487925191
MGRN1,1.0
MGST1,1.07243429427
MGST2,1.0
MGST3,1.0
MIB1,1.0
MICA,1.0
MICB,1.0
MID1,1.0
MIF,1.0
MINA,0.866876600079
MINPP1,1.14720252118
MIOX,1.0
MIR1-1,1.0
MIR1-2,1.08968752804
MIR100,1.0
MIR101-1,1.0
MIR101-2,1.0
MIR107,1.0
MIR10A,0.929251806468
MIR10B,1.0
MIR124-2,1.0
MIR125A,1.0
MIR125B1,1.15304394005
MIR125B2,1.0
MIR129-1,0.931419673471
MIR129-2,1.15726567334
MIR137,1.0
MIR181A1,1.0
MIR181A2,0.886202033966
MIR181B1,1.0
MIR181B2,1.0
MIR181C,1.74417672183
MIR181D,0.953400638069
MIR195,1.0
MIR19B2,1.0
MIR21,1.0
MIR214,1.06578661173
MIR221,1.0
MIR222,0.881613227471
MIR223,1.0
MIR23A,1.0
MIR26A1,1.0
MIR26A2,0.74805671642
MIR29A,1.0
MIR29B1,1.0
MIR30A,0.863667818588
MIR30B,1.0
MIR30C1,1.0
MIR30C2,1.09341361539
MIR30D,1.0
MIR30E,1.0
MIR326,0.884441934598
MIR331,1.06487762272
MIR345,2.75223834244
MIR34A,1.0
MIR34B,1.0
MIR602,1.0
MIR7-1,1.0
MIR7-2,1.0
MIR7-3,1.0
MIR92A2,1.0
MIR99A,0.502615150998
MIRLET7A1,0.740479338158
MIRLET7A2,1.0
MIRLET7C,1.0
MIRLET7D,1.0
MIRLET7E,1.0
MIRLET7F1,1.0
MIRLET7F2,1.0
MIRLET7G,0.831015258556
MIRLET7I,1.0
MITF,0.94791783262
MKL1,1.41199094084
MKL2,1.0
MKNK1,1.0
MKNK2,1.0
MLC1,0.96607479532
MLF1,1.0
MLH1,1.21547896957
MLH3,1.0
MLKL,1.0
MLLT1,1.0
MLLT3,1.3095411557
MLLT4,1.0
MLNR,1.0
MLST8,1.0
MLXIPL,0.92907313916
MLYCD,1.14342207335
MMACHC,1.0
MME,1.0
MMP1,1.0
MMP10,1.0
MMP11,1.0
MMP12,1.0
MMP13,0.742310963871
MMP14,0.660984985549
MMP15,0.784756672791
MMP16,0.91753042491
MMP17,1.0
MMP19,1.0
MMP2,1.0
MMP20,1.04909839001
MMP21,1.13234352831
MMP23A,1.0899165552
MMP23B,1.0
MMP24,0.876633465434
MMP25,1.10796483339
MMP26,1.0
MMP27,1.0
MMP28,1.35959283711
MMP3,12.3155344171
MMP7,0.662285983077
MMP8,1.0
MMP9,1.10563772356
MMRN2,1.0
MNAT1,1.07807038365
MOCOS,1.24866695894
MOCS1,1.0
MOCS2,1.0
MOCS3,0.90607780258
MOGAT1,0.622237340557
MOGAT2,1.0
MOGAT3,1.0
MOGS,1.0
MOS,1.24298413858
MPDZ,0.890987909838
MPG,1.17693612235
MPHOSPH10,1.087331239
MPHOSPH6,1.0
MPI,1.56319394606
MPL,1.0
MPO,1.0
MPP5,1.0
MPST,1.27606421214
MPV17,1.0
MPV17L,0.92906309889
MPV17L2,1.0
MRAS,1.0
MRC1,0.910120182481
MRC2,1.0
MRE11A,1.0
MRGPRF,1.30191531833
MRI1,1.0
MRPL1,0.631485906677
MRPL10,1.0
MRPL11,1.0
MRPL12,1.0698225487
MRPL13,1.0
MRPL14,1.0
MRPL15,1.40506921253
MRPL16,1.36578422356
MRPL17,1.0
MRPL18,0.852616890229
MRPL19,1.18707596825
MRPL2,1.0
MRPL20,1.16776377515
MRPL21,1.42765708753
MRPL22,1.0
MRPL23,1.11149876154
MRPL24,1.21463493859
MRPL27,1.0
MRPL28,1.0
MRPL3,1.0
MRPL30,1.0
MRPL32,1.10358187105
MRPL33,0.945150263716
MRPL34,1.0
MRPL35,1.0
MRPL36,1.0
MRPL4,1.0
MRPL9,1.0
MRPS10,1.0
MRPS11,1.0
MRPS12,1.0
MRPS14,1.0
MRPS15,1.0
MRPS16,1.0
MRPS17,1.0
MRPS18A,1.0
MRPS18B,1.11712406774
MRPS18C,1.0
MRPS2,1.41908573563
MRPS21,1.0
MRPS5,1.0
MRPS6,1.0
MRPS7,1.0
MRPS9,1.0
MRVI1,1.0
MS4A1,1.0
MS4A2,1.16731184959
MSH2,1.0
MSH3,1.0
MSH6,1.56695477073
MSI1,1.07899772952
MSI2,0.832683495683
MSN,1.75382607889
MSR1,1.0
MST1,0.92814085799
MST1R,0.941701264349
MTA1,1.0
MTA2,1.0
MTAP,0.50173981542
MTCP1,1.0
MTDH,1.1077324731
MTFMT,1.0
MTHFD1,1.0
MTHFD1L,1.0
MTHFD2,0.7959358589
MTHFD2L,1.0
MTHFR,1.0
MTHFS,1.0
MTM1,1.43086937694
MTMR14,1.0
MTMR3,1.0
MTNR1A,1.0
MTNR1B,1.0
MTR,1.0
MUC1,1.0
MUC20,1.0
MUS81,1.0
MUSK,1.0
MUT,1.11089863109
MUTYH,1.0
MVD,1.0
MVK,0.841463569382
MXD1,1.0
MXD4,1.13913498476
MYB,1.0
MYBPC3,1.0
MYC,1.12494493161
MYCN,0.895807865415
MYCT1,1.0
MYD88,0.820479209233
MYF5,1.30167033709
MYF6,1.0
MYH1,1.37638051682
MYH10,1.24546558608
MYH11,0.894176750657
MYH13,1.0
MYH14,1.0
MYH15,1.0
MYH16,1.05121535376
MYH2,3.74572471597
MYH3,3.74858967546
MYH4,1.0
MYH6,1.38038581236
MYH7,1.06117753357
MYH7B,1.0
MYH8,1.0
MYH9,0.908470645742
MYL1,1.0
MYL12A,1.0
MYL2,1.0
MYL3,1.0
MYL4,1.0
MYL5,1.0
MYL6,0.924746065543
MYL6B,0.949414124637
MYL7,1.0
MYL9,1.0
MYLK,0.953373608914
MYLK2,1.0
MYLK3,1.0
MYLK4,1.0
MYLPF,1.0
MYO10,1.0
MYO15A,1.0
MYO18B,1.0
MYO1A,1.0
MYO1B,1.0
MYO1C,1.15268082656
MYO1D,1.0
MYO1E,0.939871763693
MYO1F,1.36555912981
MYO1G,1.0
MYO3A,1.0
MYO3B,1.0
MYO5A,1.0
MYO6,1.0
MYO7A,1.0
MYO9A,1.0
MYO9B,1.0
MYOCD,1.0
MYOD1,1.0
MYOF,1.16578630401
MYOG,1.15641229985
MYT1,1.73596005841
NACA,1.0
NADK,1.0
NADSYN1,1.0
NAGA,1.0
NAGK,1.65337938459
NAGLU,0.920878793921
NAGPA,0.946871959329
NAGS,1.0
NAIP,1.0
NAMPT,0.720200049924
NANOG,0.920229445983
NANOS1,1.0
NANOS2,1.0
NANOS3,1.0
NANP,0.785150096598
NANS,0.737865349486
NAPSA,1.0
NARS,1.0
NARS2,1.0
NAT1,1.0
NAT10,1.33857387158
NAT2,0.522015645881
NAT8L,1.38759001106
NBN,1.0
NCAM1,1.0
NCAM2,1.0
NCAN,1.0
NCAPD2,0.706206330911
NCAPG,1.07274897454
NCAPH,1.0642998434
NCBP1,1.07203488473
NCBP2,1.0
NCF1,1.0
NCF2,0.893566503442
NCF4,1.0
NCK1,1.26173717777
NCK2,1.0
NCKAP1,1.0
NCKAP1L,1.25641367118
NCL,1.05152179993
NCOA1,1.0
NCOA2,1.33728185256
NCOA3,0.951438704746
NCOA4,0.661417288003
NCOA7,1.0
NCOR1,1.06252386644
NCOR2,1.0
NCR1,1.0
NCR2,1.0
NCR3,1.0
NCSTN,1.0
NDC80,1.0
NDEL1,1.0
NDN,1.0
NDNL2,1.0
NDRG1,1.0
NDRG2,0.874587061029
NDST1,1.81943437263
NDST2,1.0
NDST3,1.5672163818
NDST4,1.0
NDUFA1,1.0
NDUFA10,1.0
NDUFA11,1.53777200422
NDUFA12,1.0
NDUFA13,1.0
NDUFA2,1.0
NDUFA3,0.946230086003
NDUFA4,1.0
NDUFA4L2,0.922636604545
NDUFA5,1.0
NDUFA6,1.0
NDUFA7,0.906874890879
NDUFA8,1.0
NDUFA9,1.0
NDUFAB1,2.08240839369
NDUFAF2,1.0
NDUFB1,1.0
NDUFB10,1.0
NDUFB11,1.0
NDUFB2,0.924306976063
NDUFB3,1.0
NDUFB4,1.10379971878
NDUFB5,1.0
NDUFB6,0.870009478913
NDUFB7,1.0
NDUFB8,0.662738043412
NDUFB9,1.0
NDUFC1,1.0
NDUFC2,1.0
NDUFS1,0.814516315548
NDUFS2,0.531352047644
NDUFS3,1.0
NDUFS4,1.0
NDUFS5,1.0
NDUFS6,1.0
NDUFS7,0.909627735208
NDUFS8,1.0
NDUFV1,1.0
NDUFV2,1.0
NDUFV3,1.0
NEDD4,1.0
NEDD4L,1.0
NEDD8,1.31382377305
NEFH,1.0
NEFL,1.0
NEFM,1.0
NEIL1,1.0
NEIL2,1.0
NEIL3,1.0
NEK2,1.0
NEK3,0.94643497381
NET1,1.0
NEU1,1.0
NEU2,1.0
NEU3,1.0
NEU4,1.0
NEUROG1,1.0
NEUROG3,1.0
NF1,2.16452402683
NF2,1.0
NFAT5,1.17189747099
NFATC1,1.0
NFATC2,0.912580537079
NFATC3,1.0
NFATC4,1.0
NFE2L1,1.0
NFE2L2,1.0
NFKB1,1.0
NFKB2,1.0
NFKBIA,1.0
NFKBIB,1.0
NFKBIE,1.0
NFKBIZ,1.0
NFS1,1.0
NFYA,1.0
NFYB,1.0
NFYC,4.94774483007
NGEF,0.836202260706
NGF,0.896205167907
NGFR,0.909732371589
NGFRAP1,1.0
NHEJ1,1.23121675071
NHLRC1,0.92257429835
NHP2,1.43827668528
NHP2L1,1.2209637341
NID1,1.0
NINL,1.0
NISCH,1.0
NIT2,1.0
NKD1,0.771448181073
NKD2,0.922986794542
NKX2-1,1.21823591215
NKX2-5,0.820653647568
NKX3-1,1.0
NLK,1.0
NLN,1.0
NLRC4,0.772825531437
NLRP1,0.89999021162
NLRP3,1.0
NLRX1,1.0
NMBR,0.886492892163
NMD3,1.0
NME1,1.79779758065
NME1-NME2,1.05536173062
NME2,1.0
NME2P1,1.31248888995
NME3,1.38357296693
NME4,1.0
NME5,0.895719375139
NME6,1.0
NME7,1.08194143625
NMI,1.0
NMNAT1,1.0
NMNAT2,1.0
NMNAT3,1.0
NMUR1,1.0
NMUR2,0.754036638492
NNMT,1.0
NNT,0.926368071725
NOB1,1.0
NOD1,1.0
NOD2,1.0
NODAL,1.0
NOG,1.0
NOL6,0.750305009144
NOLC1,1.0
NOP10,1.0
NOP56,1.07503823712
NOP58,1.0
NOS1,1.09233551206
NOS1AP,0.610744107219
NOS2,0.913838364627
NOS3,1.0
NOTCH1,1.73005868801
NOTCH2,1.0
NOTCH3,1.0
NOTCH4,1.0
NOV,1.0
NOX1,0.857175616811
NOX3,1.0
NOXA1,1.0
NOXO1,1.0
NPAS2,1.0
NPBWR1,0.771270674205
NPBWR2,1.0
NPC1,1.0
NPC2,0.809450652067
NPFFR1,0.817718443497
NPFFR2,1.16106915024
NPHS1,1.0
NPHS2,1.0
NPL,1.0
NPM1,1.0
NPNT,1.0
NPPA,1.0
NPPB,1.0
NPR1,1.10234985837
NPR2,1.0
NPTN,1.0
NPY,1.0
NPY1R,1.09218072732
NPY2R,0.841202296161
NPY5R,1.0
NQO1,1.0
NQO2,0.92743313176
NR0B1,1.0
NR0B2,1.0
NR1D1,1.0
NR1H3,0.781113075911
NR1H4,1.0
NR1I3,1.0
NR2C1,1.14208831051
NR2C2,1.0
NR2F1,1.63778269137
NR3C1,0.841386962824
NR3C2,1.0
NR4A1,1.09024143101
NR4A3,1.0
NRAS,1.0
NRCAM,1.0
NRG1,1.0389538434
NRG2,1.0
NRG3,1.0
NRG4,1.0
NRIP1,1.0
NRK,1.0
NRP1,1.0
NRP2,1.0
NSDHL,1.0
NSF,1.0628421276
NSMAF,1.0
NSUN2,1.0
NT5C,1.0
NT5C1A,1.0
NT5C1B,0.78834713719
NT5C2,1.0
NT5C3,1.1208599305
NT5E,1.0
NT5M,0.890625948605
NTF3,1.0
NTF4,1.0
NTF5,0.852342521349
NTHL1,1.0
NTN1,1.27749249603
NTRK1,0.909772452451
NTRK2,1.0
NTRK3,0.900589728727
NTS,1.0
NTSR1,1.0
NTSR2,1.12746539265
NUDC,1.0
NUDT1,1.06443898524
NUDT12,1.0
NUDT16,1.0
NUDT16L1,2.4642948022
NUDT19,1.0
NUDT2,1.0
NUDT5,1.0
NUDT6,1.0
NUDT7,1.0
NUDT9,1.0
NUMA1,1.0
NUMB,1.0
NUMBL,1.17826146713
NUP107,1.0
NUP133,1.0
NUP153,1.0
NUP160,0.914194301081
NUP210,0.886750927046
NUP214,1.0
NUP37,1.0
NUP43,1.04691661194
NUP62,1.0
NUP85,1.0
NUP88,1.0
NUP98,1.0
NUPL2,1.0
NUPR1,1.52630456398
NUS1,0.673691664436
NUTF2,1.36317889586
NVL,1.08031704975
NXF1,1.0
NXF2,0.889629901903
NXF2B,1.0
NXF3,1.0
NXF5,1.0
NXT1,1.0
NXT2,1.0
OAS1,0.911364654215
OAT,1.16361606804
OAZ1,1.0
OBSCN,1.0
OC90,1.0
OCLN,1.0
OCRL,1.32540404332
ODC1,8.6237013345
ODF2,1.0
OGDH,0.931009780324
OGDHL,0.686660346768
OGFR,1.0
OGG1,0.481708670849
OGN,1.0
OGT,1.40568158751
OLAH,0.843155906464
OLR1,1.13642671898
OMG,1.0
ONECUT1,1.12291961889
OPHN1,1.0
OPLAH,1.0
OPRD1,1.17042792172
OPRK1,1.0
OPRL1,1.0
OPRM1,1.23163864272
OR10A2,1.0
OR10A3,1.0
OR10A4,1.0
OR10A5,1.0
OR10A6,0.821004536574
OR10A7,1.0
OR10AD1,1.0
OR10AG1,0.663420057586
OR10C1,1.0
OR10G2,0.769587690793
OR10G3,1.0
OR10G4,1.0
OR10G7,0.851973572908
OR10G8,1.12621663763
OR10G9,1.0
OR10H1,1.0
OR10H2,1.12494708006
OR10H3,1.0
OR10H4,1.0
OR10H5,1.0
OR10J1,0.478979414687
OR10J3,0.667902267786
OR10J5,0.78799748489
OR10K1,1.0
OR10K2,1.28598826405
OR10P1,1.0
OR10Q1,1.0
OR10R2,1.0
OR10S1,1.0
OR10T2,1.0
OR10V1,1.0
OR10W1,1.0
OR10X1,0.937246209304
OR10Z1,1.0
OR11A1,1.0
OR11G2,1.19039726012
OR11H1,0.946926403928
OR11H12,1.27123740647
OR11H4,1.0
OR11H6,1.0
OR11L1,0.938836515159
OR12D2,1.0
OR12D3,1.12658224439
OR13A1,1.0
OR13C2,1.0
OR13C3,1.0
OR13C4,1.0
OR13C5,0.879641170947
OR13C8,0.773866097477
OR13C9,0.825620891249
OR13D1,1.0
OR13F1,1.0
OR13G1,1.0
OR13H1,1.0
OR13J1,1.0
OR14A16,0.87426156395
OR14C36,1.0
OR14I1,1.0
OR14J1,1.0
OR1A1,1.0
OR1A2,0.837359013705
OR1B1,1.07400998796
OR1C1,1.0
OR1D2,1.0
OR1D5,1.0
OR1E1,1.0
OR1E2,1.17910961161
OR1F1,1.0
OR1G1,1.0
OR1I1,1.0
OR1J1,1.0
OR1J2,1.0
OR1J4,1.0
OR1K1,1.08418280042
OR1L1,0.868152723128
OR1L3,1.0
OR1L4,1.0
OR1L6,1.52301678214
OR1L8,1.0
OR1M1,1.0
OR1N1,1.0
OR1N2,1.0
OR1Q1,1.0
OR1S1,0.918932048557
OR1S2,0.909476962859
OR2A1,0.413956330855
OR2A12,1.0
OR2A14,0.463792994764
OR2A2,1.0
OR2A25,0.609126656588
OR2A4,1.09178075335
OR2A42,0.950855375889
OR2A5,1.0
OR2A7,1.18704332821
OR2AE1,0.851617663118
OR2AG1,1.0
OR2AG2,1.07465625464
OR2AK2,0.89151201035
OR2AT4,1.0
OR2B11,1.0
OR2B2,0.8857360168
OR2B6,1.0
OR2C1,1.0
OR2C3,1.0
OR2D2,1.0
OR2D3,0.939648592282
OR2F1,1.29981395478
OR2F2,1.09460244195
OR2G2,1.0
OR2G3,1.0
OR2G6,1.0
OR2H1,0.855884290914
OR2H2,1.0
OR2J2,1.0
OR2J3,1.11700632972
OR2K2,1.08366951819
OR2L13,1.0
OR2L2,1.0
OR2L3,1.0
OR2L8,1.0
OR2M2,1.25529829591
OR2M3,1.0
OR2M4,1.0
OR2M5,1.0
OR2M7,1.0
OR2S2,1.0
OR2T1,1.21868128744
OR2T10,0.923433771841
OR2T11,0.49394536837
OR2T12,0.878874135221
OR2T2,1.65683671078
OR2T27,1.0
OR2T29,1.0
OR2T3,2.41466489056
OR2T33,1.0
OR2T34,0.914480735829
OR2T4,1.64422702738
OR2T5,1.0
OR2T6,0.885505274941
OR2T8,0.923341599167
OR2V2,1.0
OR2W1,1.0
OR2W3,1.0
OR2Y1,6.0736369916
OR2Z1,1.0
OR3A1,1.07313256224
OR3A2,1.0
OR3A3,1.0
OR4A15,1.55060560844
OR4A16,1.0
OR4A47,0.954769988714
OR4A5,0.690863875166
OR4B1,1.0
OR4C11,1.0
OR4C12,1.0
OR4C13,1.0
OR4C15,1.0
OR4C16,0.899643361692
OR4C3,1.0
OR4C45,1.0
OR4C46,1.0
OR4C6,1.09519102123
OR4D1,2.699320615
OR4D10,0.566634721636
OR4D11,0.54880262503
OR4D2,1.0
OR4D5,1.44060223883
OR4D6,1.0
OR4D9,0.890610614637
OR4E2,1.0
OR4F15,1.24410213294
OR4F16,1.0
OR4F17,1.0
OR4F21,1.06022582808
OR4F29,0.886062933061
OR4F3,1.0
OR4F4,1.33383294573
OR4F5,1.0
OR4F6,0.726747203058
OR4K1,1.0
OR4K13,1.0
OR4K14,1.0
OR4K15,1.0
OR4K17,1.36993024614
OR4K2,1.0
OR4K5,1.0
OR4L1,1.0
OR4M1,1.0
OR4M2,1.0
OR4N2,0.859210234221
OR4N4,1.1016293085
OR4N5,1.0
OR4P4,1.0
OR4Q3,1.19177251413
OR4S1,1.0
OR4S2,0.940851287297
OR4X1,1.40616594199
OR4X2,1.0
OR51A2,1.0
OR51A4,1.0
OR51A7,1.0
OR51B2,1.0
OR51B4,1.0
OR51B5,1.0
OR51B6,1.0
OR51D1,1.0
OR51E1,0.950079802403
OR51E2,1.0
OR51F1,1.0
OR51F2,1.24688288373
OR51G1,1.0
OR51G2,0.520649285335
OR51I1,1.0
OR51I2,1.0
OR51L1,1.0
OR51M1,1.0
OR51Q1,1.0
OR51S1,12.393199849
OR51T1,1.06020914882
OR51V1,0.882279683486
OR52A1,1.0
OR52A5,1.07211551545
OR52B2,1.0
OR52B4,1.0
OR52B6,1.0
OR52D1,1.24474716232
OR52E2,1.07829233877
OR52E4,1.0
OR52E6,1.06169386241
OR52E8,1.0
OR52H1,1.0
OR52I1,2.03369679783
OR52I2,1.0
OR52J3,1.0
OR52K1,0.642683082699
OR52K2,1.0
OR52L1,1.0
OR52M1,1.0
OR52N1,1.0
OR52N2,1.0
OR52N4,1.0
OR52N5,1.0
OR52R1,1.0
OR52W1,1.0
OR56A1,0.896897931084
OR56A3,1.0
OR56A4,0.921303457168
OR56B1,1.0
OR56B4,0.828310833378
OR5A1,1.0
OR5A2,1.0
OR5AC2,1.08472684651
OR5AK2,1.0
OR5AN1,1.0
OR5AP2,0.862806436158
OR5AR1,1.0
OR5AS1,1.0
OR5AU1,1.0
OR5B12,1.07634325971
OR5B17,1.76710996524
OR5B2,1.10303872298
OR5B21,1.0
OR5B3,1.06871101448
OR5C1,1.3050705425
OR5D13,1.0
OR5D14,1.0
OR5D16,0.863684022144
OR5D18,0.874038550485
OR5F1,1.0
OR5H1,1.0
OR5H14,2.43209039165
OR5H2,1.0
OR5H6,1.0
OR5I1,0.91269447867
OR5J2,0.906909604139
OR5K1,1.0
OR5K2,1.0
OR5K3,1.0
OR5K4,1.0
OR5L1,1.0
OR5L2,2.08392580914
OR5M1,13.9763064186
OR5M10,1.0
OR5M11,1.0
OR5M3,1.0
OR5M8,1.0
OR5M9,1.07598572236
OR5P2,1.42841484187
OR5P3,1.0
OR5R1,1.0
OR5T1,1.0
OR5T2,1.0
OR5T3,1.0
OR5V1,3.59023674669
OR5W2,1.0
OR6A2,0.838913684194
OR6B1,1.0
OR6B2,1.0
OR6B3,1.0
OR6C1,1.0
OR6C2,1.19548572449
OR6C3,1.0
OR6C4,1.0
OR6C6,0.861709808268
OR6C65,1.07363135171
OR6C68,1.0
OR6C70,1.0
OR6C74,0.868603117309
OR6C75,1.0
OR6C76,1.0
OR6F1,1.0
OR6K2,1.0
OR6K3,1.0
OR6K6,1.0
OR6M1,1.0
OR6N1,1.0
OR6N2,1.0
OR6P1,1.0
OR6Q1,1.0
OR6S1,1.0
OR6T1,1.0
OR6V1,1.0
OR6X1,0.95884303564
OR6Y1,1.0
OR7A10,1.0
OR7A17,1.0
OR7A5,0.847582529413
OR7C1,1.0
OR7C2,1.0
OR7D2,1.0
OR7D4,1.0
OR7E24,1.0
OR7G1,1.15891988927
OR7G2,0.933949242682
OR7G3,1.52844077376
OR8A1,0.909160148828
OR8B12,1.0
OR8B2,1.13177695999
OR8B3,1.0
OR8B4,1.0
OR8B8,1.0
OR8D1,1.12423281611
OR8D2,0.62250447043
OR8D4,1.0
OR8G1,1.0
OR8G2,2.55701836159
OR8G5,0.911147076402
OR8H1,1.0940570983
OR8H2,1.0
OR8H3,1.0
OR8I2,1.0
OR8J1,1.0
OR8J3,1.0
OR8K1,1.0
OR8K3,1.18049047349
OR8K5,1.0
OR8S1,0.877226876049
OR8U1,1.0
OR8U8,1.0
OR8U9,1.0
OR9A2,1.13031341334
OR9A4,1.0
OR9G1,0.829858022357
OR9G4,1.0
OR9G9,1.0
OR9I1,0.465299256115
OR9K2,0.897893429844
OR9Q1,1.0
OR9Q2,1.0
ORAI1,1.0
OS9,1.0
OSCAR,0.502113370848
OSM,1.0
OSMR,1.0
OTC,1.0
OTUD5,1.0
OXA1L,1.0
OXCT1,0.860330260072
OXCT2,1.60188425833
OXSM,1.0
OXT,1.07413752613
OXTR,1.0
P2RX1,1.90142431371
P2RX2,1.0
P2RX3,0.706611221975
P2RX4,0.93330364967
P2RX5,1.0
P2RX6,1.0
P2RX7,1.7318851848
P2RY1,0.91704490598
P2RY10,1.0
P2RY11,1.0
P2RY12,1.0
P2RY13,0.700418442698
P2RY14,1.0
P2RY2,0.924182833486
P2RY4,0.754209902678
P2RY6,1.0
P2RY8,0.733376132636
P4HA1,0.797300889952
P4HA2,1.0
P4HA3,1.0
P4HB,0.940222277843
PABPC1,1.0
PABPC1L,0.866525857674
PABPC1L2A,1.0
PABPC1L2B,1.0
PABPC3,1.0
PABPC4,1.0
PABPC4L,1.0
PABPC5,1.0
PADI1,1.0
PADI2,1.0
PADI3,1.0
PADI4,1.0
PADI6,0.765781097024
PAFAH1B1,1.0
PAFAH1B2,1.4247496131
PAFAH1B3,1.0
PAFAH2,1.0
PAG1,1.0
PAH,0.467234820186
PAICS,1.0
PAK1,1.0
PAK1IP1,1.0
PAK2,0.925644169614
PAK3,1.0
PAK4,1.22624684373
PAK6,1.39554974517
PAK7,1.0
PALB2,1.0
PAN2,1.0
PAN3,1.09775896927
PANK1,1.07605235382
PANK2,1.0
PANK3,1.08862497336
PANK4,1.0
PAOX,1.0
PAPD5,0.944799041134
PAPOLA,0.937012816662
PAPSS1,1.0
PAPSS2,1.0
PAQR5,1.0
PARD3,1.0
PARD6A,1.0
PARD6B,1.52487428174
PARD6G,0.942454814983
PARK2,0.829784936501
PARK7,0.757705846134
PARN,1.0
PARP1,1.0
PARP10,1.0930671474
PARP11,1.0
PARP14,1.06423082688
PARP15,0.92206136575
PARP16,0.872992495065
PARP2,1.0
PARP3,1.0
PARP4,1.17498754536
PARP6,1.0
PARP8,1.19180203079
PARP9,1.0
PARS2,1.0
PARVA,0.979306314124
PARVB,1.0
PARVG,1.0
PATL1,1.16476959415
PAWR,1.0
PAX3,1.0
PAX5,1.0
PAX6,0.930855650027
PAX7,1.0
PAX8,1.10097887157
PBX1,1.0
PBX3,1.0
PC,1.0
PCBD1,1.33967449757
PCBD2,1.0
PCBP1,1.09200895688
PCCA,1.0
PCCB,1.18738608821
PCDHGA12,0.836027641638
PCK1,1.06320017378
PCK2,1.10279615298
PCLO,1.0
PCNA,1.91299412986
PCYT1A,1.77838378104
PCYT1B,1.82309828136
PCYT2,1.0
PDC,1.0
PDCD1,1.0
PDCD10,1.0
PDCD4,1.0
PDE10A,0.944224591483
PDE11A,1.0
PDE1A,1.08376812158
PDE1B,1.0
PDE1C,1.0
PDE2A,1.0
PDE3A,1.0
PDE3B,1.57188904453
PDE4A,1.0
PDE4B,1.35726477171
PDE4C,1.0
PDE4D,1.0
PDE5A,0.942814003293
PDE6A,1.14532364066
PDE6B,1.0
PDE6C,1.1011569
PDE6D,1.1276746255
PDE6G,1.0
PDE6H,1.14651293094
PDE7A,1.0
PDE7B,1.0
PDE8A,1.0
PDE8B,1.0
PDE9A,1.0
PDGFA,1.07682049669
PDGFB,1.0
PDGFC,1.0
PDGFD,1.0
PDGFRA,1.27419347981
PDGFRB,1.26940544402
PDHA1,1.08865147444
PDHA2,1.0
PDHB,0.944265059489
PDIA2,1.0
PDK1,0.719019367596
PDK2,1.0
PDK3,1.81983471661
PDLIM7,1.3220165152
PDPK1,1.0
PDSS1,1.0
PDSS2,1.0
PDX1,1.0
PDXK,1.0
PDXP,0.892393448685
PDYN,0.93189731559
PDZK1,1.0
PEA15,1.0
PEBP1,1.0
PECAM1,0.920596190683
PECR,1.0
PEG10,1.1531154936
PELP1,1.35380542259
PEMT,0.868949179176
PENK,1.0
PER1,1.0
PER2,1.0
PER3,1.0
PERP,1.35941510654
PEX1,0.913359662304
PEX10,1.0
PEX11A,1.06911103889
PEX11B,1.0
PEX11G,3.68658363319
PEX12,0.660095927159
PEX13,1.0
PEX14,1.0
PEX16,1.0
PEX19,1.0
PEX26,2.69997006277
PEX3,0.888189699417
PEX5,0.903962312864
PEX6,1.0
PEX7,1.0
PF4,1.0
PF4V1,1.0
PFAS,1.0
PFDN5,1.0
PFKFB1,1.0
PFKFB2,0.861213237709
PFKFB3,1.0
PFKFB4,1.0
PFKL,1.07614031002
PFKM,1.0
PFKP,1.0
PFN1,1.0
PFN2,1.0
PFN3,1.0
PFN4,1.0
PGA3,1.0
PGA4,0.874224882186
PGA5,0.845014913664
PGAM1,1.0
PGAM2,1.0
PGAM4,1.0
PGAM5,1.04442871192
PGAP1,0.87878853075
PGD,1.15649571948
PGF,1.0
PGGT1B,1.0
PGK1,1.65377550925
PGK2,1.20483613677
PGLS,1.0
PGM1,1.33981054536
PGM2,0.909327243264
PGM2L1,0.801633203
PGM3,1.0
PGP,0.808795031669
PGR,1.88853115586
PGS1,1.0
PHAX,1.0
PHB2,0.841098747091
PHF5A,1.0
PHGDH,1.0
PHKA1,1.0
PHKA2,1.0
PHKB,1.0
PHKG1,1.0
PHKG2,1.0
PHLPP1,1.0
PHLPP2,1.0
PHOSPHO1,1.0
PHOSPHO2,1.0
PHYH,1.0
PI4K2A,1.0
PI4K2B,1.0
PI4KA,0.954364695098
PI4KB,1.0
PIAS1,1.0
PIAS2,1.0
PIAS3,1.31881402709
PIAS4,1.0
PICALM,1.0
PIF1,1.0
PIGA,0.938989169888
PIGB,1.0
PIGC,1.0
PIGF,0.898099746548
PIGH,1.0
PIGK,1.0
PIGL,1.0
PIGM,1.0
PIGN,1.0
PIGO,1.0
PIGP,1.0
PIGQ,1.0
PIGR,1.0
PIGS,1.0
PIGT,1.08843540315
PIGU,1.0
PIGV,1.08360074207
PIGW,1.0
PIGX,1.3282776902
PIGY,1.38357302456
PIK3AP1,1.0
PIK3C2A,1.0
PIK3C2B,0.873732685694
PIK3C2G,1.18359031355
PIK3C3,0.628293368402
PIK3CA,0.956449159563
PIK3CB,1.0
PIK3CD,1.0
PIK3CG,1.0
PIK3R1,1.0
PIK3R2,1.10800570675
PIK3R3,1.0
PIK3R4,1.1382046331
PIK3R5,0.605717456328
PIK3R6,3.28214070019
PIKFYVE,0.854407910183
PIM1,1.0
PIM2,1.0
PIM3,1.71697229534
PIN1,1.0
PINX1,0.763619166059
PIP4K2A,1.0
PIP4K2B,1.79274987417
PIP4K2C,1.0
PIP5K1A,1.06848450588
PIP5K1B,0.956821050322
PIP5K1C,1.0
PIP5KL1,1.0
PIPOX,1.0
PIR,1.05463430874
PISD,3.42479585021
PITPNA,1.0
PITX2,1.05938188939
PKIA,0.894553713573
PKIB,1.0
PKIG,1.0
PKLR,1.0
PKMYT1,1.0
PKN1,1.05389347429
PKN2,1.60492582885
PKN3,1.0
PKP4,0.853676351468
PLA1A,1.0
PLA2G10,1.08151296667
PLA2G12A,0.850162258631
PLA2G12B,1.0
PLA2G15,1.0
PLA2G16,1.0
PLA2G1B,1.0
PLA2G2A,1.0
PLA2G2C,1.0
PLA2G2D,1.0
PLA2G2E,1.0
PLA2G2F,1.0
PLA2G3,1.0
PLA2G4A,1.0
PLA2G4B,1.0
PLA2G4C,1.0
PLA2G4D,1.0
PLA2G4E,1.0
PLA2G4F,1.0
PLA2G5,2.08772061644
PLA2G6,1.0
PLA2G7,1.0
PLA2R1,1.0
PLAT,1.84827710515
PLAU,0.640564594358
PLAUR,1.12782465831
PLB1,1.0
PLCB1,1.10021704432
PLCB2,1.0
PLCB3,1.29793860643
PLCB4,1.0
PLCD1,1.0
PLCD3,1.0
PLCD4,1.32849332654
PLCE1,5.40237908716
PLCG1,1.0
PLCG2,1.0
PLCH1,1.0
PLCH2,1.0
PLCZ1,1.0
PLD1,1.05828126796
PLD2,1.0
PLD3,1.0
PLD4,3.07397624183
PLD6,1.0
PLEKHA1,0.940411983661
PLEKHA2,0.941881963954
PLEKHA7,1.0
PLEKHG6,1.0
PLG,1.0
PLIN2,1.0
PLK1,1.0
PLK2,1.0
PLK3,0.841826001687
PLK4,1.0
PLN,1.0
PLOD3,1.0
PLRG1,1.77199072376
PLS1,1.0
PLS3,1.27827907493
PLTP,1.0
PLXNA1,1.0
PLXNA2,1.0
PLXNA3,1.0
PLXNB1,1.08768074005
PLXNB2,1.0
PLXNB3,0.684473447653
PLXND1,1.0
PMAIP1,1.0
PML,1.0
PMM1,0.934446983185
PMM2,0.883588911401
PMP22,1.0
PMPCA,1.64361998215
PMS2,0.804680813613
PMVK,0.929010924811
PNKP,1.10769283762
PNLIP,1.0
PNLIPRP1,1.0
PNLIPRP2,1.0
PNLIPRP3,1.0
PNMT,1.0
PNN,1.27040378072
PNPLA2,1.0
PNPLA3,1.0
PNPLA4,1.0
PNPLA6,1.0
PNPLA7,1.10313777255
PNPLA8,0.881226871639
PNPO,1.0
PNPT1,1.10348844245
PODXL,1.0
POFUT1,0.801779483598
POFUT2,1.0
POLA1,1.0
POLA2,1.0
POLB,0.565555081247
POLD1,1.69265623975
POLD2,1.0
POLD3,1.0
POLD4,0.918370633654
POLDIP3,1.0
POLE,1.0
POLE2,1.20557078853
POLE3,1.0
POLE4,1.0
POLL,1.0
POLM,1.180775975
POLR1A,1.0
POLR1B,1.0
POLR1C,1.0
POLR1D,1.43117198029
POLR1E,0.948580912001
POLR2A,0.682040651403
POLR2B,1.0
POLR2C,0.844360224936
POLR2D,1.0
POLR2E,1.3565324504
POLR2F,1.0
POLR2G,1.0
POLR2H,1.0
POLR2I,1.0
POLR2J,0.829696218035
POLR2J2,1.0
POLR2J3,1.10255744824
POLR2K,1.0
POLR2L,1.0
POLR3A,1.0
POLR3B,1.0
POLR3C,1.0
POLR3D,1.0
POLR3E,1.0
POLR3F,0.765839879933
POLR3G,1.0
POLR3GL,1.0
POLR3H,1.1041536811
POLR3K,0.736895145863
POMC,1.0
POMGNT1,1.0
POMP,1.0
POMT1,1.2116713754
POMT2,1.0
POP1,1.0
POP4,1.0
POP5,1.0
POP7,1.0
POR,0.807823613221
PORCN,1.0
POU2F1,1.0
POU2F2,1.87633439289
POU4F1,1.0
POU4F2,1.0
POU5F1,1.09524833275
PPA1,1.0
PPA2,1.0
PPAP2A,1.0
PPAP2B,1.0
PPAP2C,1.0
PPAPDC1A,0.943844358433
PPAPDC2,0.8908363971
PPARA,1.0
PPARD,1.0
PPARG,1.08337268445
PPARGC1A,1.0
PPAT,1.07248788195
PPBP,1.07337602673
PPCDC,1.0
PPCS,1.0
PPIA,1.0
PPIB,1.0
PPID,1.0
PPIE,0.886515016124
PPIF,0.915326257854
PPIH,1.0
PPIL1,1.0
PPIL2,1.0
PPM1A,1.11241536921
PPM1B,1.0
PPM1D,1.0
PPOX,1.0
PPP1CA,1.0
PPP1CB,1.51838522792
PPP1CC,1.06653084444
PPP1R10,1.24856158557
PPP1R11,1.0
PPP1R12A,1.06900504539
PPP1R12B,0.940083008262
PPP1R12C,1.0
PPP1R13B,1.0
PPP1R13L,1.0
PPP1R14A,1.0
PPP1R14B,1.0
PPP1R14C,1.0
PPP1R15A,1.0
PPP1R16A,0.848460726758
PPP1R1A,1.17094352796
PPP1R1B,1.49415944704
PPP1R2,1.26318240327
PPP1R3A,1.0
PPP1R3B,1.0
PPP1R3C,1.0
PPP1R3D,2.00399262866
PPP1R3F,1.07963525219
PPP1R7,1.0
PPP1R8,1.0
PPP1R9A,1.0
PPP1R9B,4.10267732844
PPP2CA,1.0
PPP2CB,1.0
PPP2R1A,1.0
PPP2R1B,0.911040368902
PPP2R2A,0.934992557207
PPP2R2B,0.898897137308
PPP2R2C,1.0
PPP2R2D,1.0
PPP2R3A,1.0
PPP2R3B,1.32431831211
PPP2R3C,1.1803589205
PPP2R4,1.0
PPP2R5A,3.20441199628
PPP2R5B,1.0
PPP2R5C,1.0
PPP2R5D,0.550403956948
PPP2R5E,1.09327958995
PPP3CA,1.27611892857
PPP3CB,1.0
PPP3CC,1.0
PPP3R1,1.0
PPP3R2,1.0
PPP4C,1.0
PPP5C,1.0
PPT1,0.816709930641
PPT2,1.0
PPY,1.0
PQBP1,0.870018757115
PRC1,1.0
PRCC,0.953511684105
PRCP,1.26527127515
PRDM15,1.0
PRDM4,1.0
PRDX1,1.0
PRDX2,1.0
PRDX3,0.922826497785
PRDX5,1.0
PRDX6,0.929587733266
PREX1,1.0
PREX2,1.0
PRF1,1.0
PRG2,2.60074967181
PRG4,0.932986936606
PRH2,1.0
PRICKLE1,1.0
PRICKLE2,1.0
PRIM1,1.0
PRIM2,1.0
PRKAA1,1.07173781734
PRKAA2,1.0
PRKAB1,0.573492414382
PRKAB2,1.0
PRKACA,1.37347130327
PRKACB,0.952397631199
PRKACG,1.0
PRKAG1,1.0
PRKAG2,0.934621418522
PRKAG3,0.911096423667
PRKAR1A,1.41787128065
PRKAR1B,1.0
PRKAR2A,1.0
PRKAR2B,1.0
PRKCA,1.1161257791
PRKCB,1.0
PRKCD,0.880275640152
PRKCE,0.587097065031
PRKCG,0.940372749916
PRKCH,1.0
PRKCI,1.06413705274
PRKCQ,1.0
PRKCSH,0.863893099266
PRKCZ,0.939897826843
PRKD1,0.748229826545
PRKD2,1.0
PRKD3,1.0
PRKDC,1.06986587111
PRKG1,1.0
PRKG2,1.0
PRKRA,1.0
PRKX,0.847805952712
PRL,1.0
PRLHR,1.44225023881
PRLR,1.04835700787
PRMT1,1.0
PRMT5,1.0
PRNP,1.27076843484
PROC,1.0
PROCR,1.0
PRODH,1.0
PRODH2,1.0
PROK1,1.0
PROM1,1.0
PROS1,1.0
PRPF18,1.0
PRPF19,1.06659271131
PRPF3,1.0
PRPF31,0.845550201357
PRPF38A,1.0
PRPF38B,1.0
PRPF4,1.20689938328
PRPF40A,1.07775530279
PRPF40B,1.0
PRPF6,1.30022548772
PRPF8,1.0
PRPH,0.883762918782
PRPS1,1.0
PRPS1L1,0.948759385694
PRPS2,1.06528824756
PRR5,1.04812899649
PRSS1,1.0
PRSS2,1.0
PRSS3,1.0
PRTN3,1.0
PRUNE,1.0
PSAP,1.0
PSAPL1,1.20626063118
PSAT1,1.06165880932
PSEN1,1.0
PSEN2,1.0
PSENEN,1.0
PSIP1,0.958558050823
PSMA1,1.0
PSMA2,0.950789711202
PSMA3,1.0
PSMA4,1.0
PSMA5,0.825195128945
PSMA6,1.17182296899
PSMA7,1.76710233945
PSMA8,1.0
PSMB1,1.0
PSMB10,0.921416312026
PSMB11,1.0
PSMB2,1.0
PSMB3,1.0
PSMB4,1.07388426843
PSMB5,1.0
PSMB6,0.948853282188
PSMB7,1.13293539714
PSMB8,0.950564089007
PSMB9,1.0
PSMC1,1.0
PSMC2,1.0
PSMC3,1.16176575619
PSMC4,1.09774351088
PSMC5,0.757902443822
PSMC6,0.809352747191
PSMD1,1.0
PSMD11,1.06599397037
PSMD12,1.11914366911
PSMD13,1.43326542765
PSMD14,0.60295129469
PSMD2,1.0
PSMD3,0.821345796206
PSMD4,1.0
PSMD5,1.0
PSMD6,1.0
PSMD7,1.0
PSMD8,1.0
PSME1,1.0
PSME2,2.22422027105
PSME3,1.0
PSME4,1.09465642039
PSMF1,1.48671151516
PSPH,1.11941373131
PSTK,0.825424383416
PTAFR,1.0
PTBP1,0.77103479358
PTBP2,2.38899181879
PTCH1,1.0
PTCH2,1.55811159199
PTCRA,1.04921269634
PTDSS1,2.31732910089
PTDSS2,1.0
PTEN,1.0
PTGDR,1.0
PTGDS,1.0
PTGER1,1.0
PTGER2,1.3918587707
PTGER3,1.20752943646
PTGER4,1.0
PTGES,1.0
PTGES2,1.0
PTGES3,1.22499036716
PTGFR,1.0
PTGIR,1.0
PTGIS,1.0
PTGR1,1.0
PTGS1,1.0
PTGS2,1.0
PTH1R,1.0
PTH2R,1.0
PTK2,0.877973775333
PTK2B,0.93915607393
PTK6,1.0
PTK7,1.0
PTN,1.0
PTP4A1,1.14489442819
PTP4A2,1.4300576409
PTP4A3,0.951998077481
PTPMT1,40.9814877719
PTPN1,1.0
PTPN11,1.0
PTPN13,1.0
PTPN2,1.0
PTPN21,1.0
PTPN3,1.0
PTPN5,2.17892923182
PTPN6,1.0
PTPN7,1.0
PTPRA,1.0
PTPRB,1.0
PTPRC,1.07927233635
PTPRF,0.760146042929
PTPRJ,1.0
PTPRK,1.0
PTPRM,0.877851907791
PTPRN,2.62827787061
PTPRN2,1.0
PTPRO,1.10443305038
PTPRR,0.799578800784
PTS,1.0
PTTG1,1.0
PTTG2,1.0
PUF60,1.0
PVR,1.17639576745
PVRL1,1.0
PVRL2,1.0
PVRL3,1.0
PVRL4,1.0
PWP2,0.902930785918
PXMP2,1.0
PXMP4,1.17653436129
PXN,1.0
PYCARD,1.0
PYCR1,0.96686119176
PYCR2,0.880502432346
PYCRL,1.09874962167
PYGB,1.0
PYGL,1.0
PYGM,1.0
PYGO1,1.0
PYGO2,1.0
QARS,1.25449436344
QDPR,1.0
QPRT,1.0
QRSL1,1.68203317102
RAB10,1.0
RAB11A,1.0
RAB11B,1.0
RAB11FIP1,1.0
RAB11FIP2,1.0
RAB11FIP3,1.0
RAB11FIP4,1.0
RAB11FIP5,1.0
RAB14,1.11330834863
RAB1A,1.0
RAB2A,0.850947992513
RAB38,1.22397322131
RAB3A,1.0
RAB4A,1.35573758328
RAB5A,1.0
RAB5B,1.0
RAB5C,1.0
RAB7A,1.35313160772
RAB7B,0.83941733425
RAB8A,1.0
RABEP1,1.0
RABGEF1,1.0
RABGGTA,1.0
RABGGTB,1.19614444205
RAC1,0.866829318613
RAC2,1.0
RAC3,0.911851718224
RACGAP1,1.0
RAD1,1.0
RAD17,1.0
RAD21,1.0
RAD23A,1.0
RAD23B,0.837245899918
RAD50,1.0
RAD51,1.15450890158
RAD51C,1.25787402973
RAD52,3.84193957196
RAD54B,1.0
RAD54L,5.27334521856
RAD9A,1.0
RAE1,1.38333147407
RAET1E,1.0
RAET1G,1.0
RAET1L,1.05952245846
RAF1,0.859678185022
RAG1,1.0
RAG2,1.0
RAI1,1.0
RALA,0.952664628383
RALB,1.17104988591
RALBP1,1.0
RALGDS,1.0
RAN,1.0
RANBP1,0.866092081601
RANBP10,1.0
RANBP2,1.0
RANBP3,0.803350323059
RANBP9,1.0
RANGAP1,1.08041037673
RAP1A,1.0
RAP1B,0.943439424669
RAP1GAP,1.0
RAP1GDS1,1.0
RAP2A,0.716391815863
RAPGEF1,1.0
RAPGEF2,1.0
RAPGEF3,1.0
RAPGEF4,1.0
RAPGEF5,1.0
RAPGEF6,1.0
RAPSN,1.0
RARA,1.0
RARB,1.0549334023
RARG,2.05098498451
RARS,1.0
RARS2,1.0
RASA1,1.0
RASA2,1.0
RASA3,1.15150274769
RASA4,1.0
RASAL1,0.587578463984
RASAL2,1.0
RASAL3,1.0
RASD1,0.903814312075
RASGEF1A,1.0
RASGEF1B,1.0
RASGEF1C,1.0
RASGRF1,1.0
RASGRF2,1.0
RASGRP1,1.11763812091
RASGRP2,1.0
RASGRP3,1.05477401963
RASGRP4,1.0
RASSF1,1.03385012857
RASSF5,1.36616775161
RASSF6,1.0
RB1,1.0
RB1CC1,1.0
RBBP4,1.0
RBBP7,1.0
RBBP8,1.19437424834
RBKS,1.45195081707
RBL1,1.0
RBL2,0.93994810939
RBM17,1.0
RBM22,0.770921187628
RBM25,11.5616532298
RBM28,0.803655587168
RBM8A,1.0
RBMX,0.747022292941
RBMXL2,1.0
RBP2,1.0
RBPJ,0.962318516534
RBPJL,1.0
RBX1,0.868415952993
RCAN1,0.954204523023
RCAN2,1.0
RCC1,1.0
RCE1,1.21504977137
RCHY1,0.855021511146
RCL1,1.07742415607
RCVRN,1.0
RDH10,0.725837413207
RDH11,1.0
RDH12,1.0
RDH16,1.0
RDH5,1.41967430688
RDH8,1.0
RDX,1.07621124184
REC8,1.25754198983
RECK,1.12760786133
REL,1.1413152491
RELA,1.0
RELB,1.23210860743
RELN,1.0
REN,1.0
RENBP,1.0
REST,1.0
RET,0.896928670135
RETN,0.897382229927
RETNLB,1.0
RETSAT,1.0
REXO1,1.09801274259
REXO2,1.0
RFC1,1.07164294561
RFC2,1.60163096917
RFC3,1.04465995424
RFC4,1.0
RFC5,1.0
RFFL,2.07952204825
RFK,0.924519711566
RFNG,1.10640779602
RFWD2,1.0
RFX5,0.906015817636
RFXANK,1.0
RFXAP,1.05915984475
RGL1,0.934564466136
RGL2,1.0
RGMA,1.0
RGMB,0.822748617746
RGN,0.809455388946
RGS1,1.0
RGS10,0.909430328175
RGS11,1.0
RGS12,1.0
RGS13,0.892398246838
RGS14,1.0
RGS16,1.0
RGS17,1.0
RGS18,1.0
RGS19,1.0
RGS2,1.16766847496
RGS20,0.905371887947
RGS21,1.0
RGS22,1.0
RGS3,1.0
RGS4,1.0
RGS5,1.0
RGS6,1.0
RGS7,1.0
RGS8,0.896320455108
RGS9,1.08252595804
RHEB,1.0
RHO,1.0
RHOA,1.0
RHOB,1.27765219495
RHOBTB1,1.07299732353
RHOBTB2,1.0
RHOC,1.0
RHOD,1.09806094407
RHOG,1.0
RHOH,1.22056974067
RHOJ,0.950574652667
RHOQ,1.0
RICTOR,1.0
RILP,1.0
RIMBP2,0.854377955351
RIMKLA,0.851538145487
RIMKLB,1.0
RIMS2,1.4480874096
RIN1,1.07652340083
RIN2,1.0
RIOK1,1.0
RIOK2,1.0
RIPK1,0.685806027801
RIPK2,0.876962221606
RIPK3,1.21557347339
RIT1,0.85781095717
RIT2,1.0
RLBP1,1.0638936979
RMI1,1.0
RMRP,1.0
RNASE3,1.0
RNASEH1,1.0
RNASEH2A,1.17915769319
RNASEH2B,1.0
RNASEH2C,0.730502473327
RND1,1.0
RND2,1.0
RND3,1.0
RNF111,0.816425016982
RNF125,1.0
RNF41,1.0
RNF43,1.0
RNF7,1.0
RNF8,1.0
RNGTT,1.0
RNMT,1.0
RNPS1,1.23694363367
ROBO1,1.0
ROBO2,1.0
ROBO3,1.0
ROBO4,1.0930159118
ROCK1,0.771318870501
ROCK2,1.87059202277
ROR1,0.857760015834
ROR2,1.0
RORA,1.0
RORB,1.11341477118
RORC,1.0
ROS1,1.0
RPA1,1.0
RPA2,2.48863757737
RPA3,1.0
RPA4,1.0
RPE,0.882442173897
RPE65,1.0
RPF1,1.06962967877
RPIA,1.31350109183
RPL10,1.29862160581
RPL10A,1.0
RPL10L,1.81089326066
RPL11,1.0
RPL12,1.35019208427
RPL13,1.17290729297
RPL13A,1.14982369951
RPL14,1.0
RPL15,1.0
RPL17,1.0
RPL18,1.08848387751
RPL18A,1.0
RPL19,1.0
RPL21,0.915767707862
RPL22,1.0
RPL22L1,1.0
RPL23,1.0
RPL23A,0.879287897032
RPL24,2.48333649614
RPL26,1.0
RPL26L1,1.0
RPL27,1.0
RPL27A,1.06283125685
RPL28,1.0
RPL29,0.913964375464
RPL3,0.928793754695
RPL30,0.875277200091
RPL31,0.8819120526
RPL32,1.0
RPL34,1.0
RPL35,0.95280502067
RPL35A,1.0
RPL36,1.0
RPL36A,2.7869794761
RPL36AL,1.0
RPL37,1.0
RPL37A,1.46533055864
RPL38,0.947020808479
RPL39,1.0
RPL3L,1.0
RPL4,1.0
RPL41,1.0
RPL5,0.566313145167
RPL6,1.0
RPL7,2.35914106294
RPL7A,3.34373896923
RPL8,1.3705067046
RPL9,1.0
RPLP0,1.0
RPLP1,1.0
RPLP2,1.0
RPN1,1.0
RPN2,1.10316885953
RPP14,0.884321504972
RPP25,1.0
RPP30,1.23590012007
RPP38,1.0
RPP40,1.0
RPRM,1.0
RPS10,1.11480784194
RPS11,1.0
RPS12,1.0
RPS13,1.0
RPS14,0.907495246081
RPS15,1.30137032989
RPS15A,1.06130057074
RPS16,1.0
RPS17,1.1780977808
RPS18,1.0
RPS19,1.0
RPS2,0.883988303966
RPS20,1.18550327029
RPS21,1.0
RPS23,0.861517238083
RPS24,1.04534762853
RPS25,1.07418211372
RPS26,0.819876732104
RPS27,0.962218447515
RPS27A,1.0
RPS27L,1.19942948039
RPS28,1.0
RPS29,1.24622242089
RPS3,0.940774545069
RPS3A,1.0
RPS4X,1.0
RPS4Y1,1.0
RPS4Y2,1.06637901389
RPS5,1.0
RPS6,1.0
RPS6KA1,1.0
RPS6KA2,1.0
RPS6KA3,1.17964451949
RPS6KA4,1.0
RPS6KA5,1.0
RPS6KA6,1.0
RPS6KB1,1.5998118795
RPS6KB2,0.909384268203
RPS6KC1,1.0
RPS7,1.0
RPS8,0.947928657969
RPS9,0.899481818262
RPSA,1.27935267007
RPTOR,1.0
RQCD1,1.0
RRAD,1.0
RRAGA,1.0
RRAGB,1.0
RRAGC,1.0
RRAGD,1.0
RRAS,1.33096605155
RRAS2,1.0
RRM1,1.75147707795
RRM2,1.0
RRM2B,1.0
RRN3,1.0
RRP7A,1.0
RSAD2,2.2310124405
RSL24D1,1.0
RSPO1,1.0
RSU1,1.0
RTN4,0.830622668534
RTN4R,1.0
RUFY1,0.866515876149
RUNX1,1.0
RUNX1T1,1.0
RUNX2,1.186867034
RUNX3,1.0
RUSC1,1.0
RUVBL1,1.0
RUVBL2,1.0
RXFP1,1.07016831042
RXFP2,0.889184782454
RXRA,1.0
RXRB,0.884278568541
RXRG,1.0
RYK,1.0
RYR1,0.759777161711
RYR2,0.907494373907
RYR3,1.0
S100A2,1.46043175077
S100A7,1.83526904763
S100A8,1.0
S100A9,0.894656836423
S1PR1,1.0
S1PR2,1.0
S1PR3,1.0
S1PR4,1.0
S1PR5,0.83902654272
SAA2,1.0
SACM1L,1.0
SAE1,0.740272108561
SAFB,1.0
SAG,1.0
SALL4,1.13120787211
SAMD8,0.887634469182
SAP18,1.0
SAP30,1.0
SAR1A,1.0
SAR1B,1.0
SARDH,1.0
SARS2,1.0
SART1,1.10105362198
SAT1,1.08929858032
SAT2,0.932563153082
SATB1,1.0
SAV1,1.0
SBDS,1.06516464301
SCAMP2,1.0
SCAP,0.937844227848
SCARB1,1.0
SCARB2,1.0
SCD,1.0
SCD5,1.16266959366
SCIN,1.0
SCLY,1.0
SCN10A,1.0
SCN11A,0.862157819073
SCN1A,1.0
SCN1B,0.928403453443
SCN2A,1.0
SCN2B,1.0
SCN3A,1.0
SCN3B,1.0
SCN4A,0.77352687723
SCN4B,2.69924403276
SCN5A,1.0
SCN7A,1.0
SCN9A,1.0
SCNN1A,1.0
SCNN1B,1.06231348106
SCNN1D,0.622049253859
SCNN1G,1.0
SCO2,1.0
SCP2,1.0
SCRIB,1.0
SCTR,1.0
SDC1,1.0
SDC2,1.0
SDC3,1.0
SDC4,1.0
SDCBP,1.0
SDHA,1.0
SDHB,1.0
SDHC,1.09834269714
SDHD,1.0
SDR16C5,1.0
SDS,1.0
SDSL,1.0
SEC11A,1.0
SEC11C,1.06459249264
SEC13,1.0
SEC14L2,1.0
SEC22B,1.0
SEC61A1,1.0
SEC61A2,1.0
SEC61B,0.94658757569
SEC61G,1.0
SEC62,1.0
SEC63,1.0
SEH1L,0.908604937432
SELE,0.657736245931
SELL,1.0
SELP,1.0
SELPLG,1.0
SEMA3A,0.931051011188
SEMA3E,1.0
SEMA4B,1.2080561998
SEMA4D,1.0
SEMA4G,1.0
SEMA5A,1.0
SENP2,1.0
SEPHS1,1.0
SEPHS2,0.541488189739
SEPSECS,1.245136056
SEPT1,1.06964404222
SEPT2,0.871935811451
SERPINA1,1.05327761004
SERPINB2,1.0
SERPINB5,1.0
SERPINC1,1.11182231654
SERPINE1,1.08341898741
SERPING1,1.0
SERPINI1,0.93089584605
SESN1,0.918188554748
SESN2,1.53091737866
SESN3,1.0
SET,1.18269545687
SETD7,0.863886740712
SETD8,1.0
SETDB1,1.0
SF3A1,1.0
SF3A2,0.781466782701
SF3A3,1.0
SF3B1,1.0
SF3B2,1.0
SF3B3,1.0
SF3B4,1.29196336856
SF3B5,1.10608079941
SFN,0.761206199278
SFRP1,1.0
SFRP2,1.09253412775
SFRP4,0.907197031598
SFRP5,1.0
SFTPA1,2.61250204642
SFTPD,1.0
SFXN3,1.0
SGK1,1.0
SGK2,0.950215276159
SGK3,1.0
SGMS1,1.0
SGMS2,1.0
SGOL1,0.93547949513
SGPL1,1.0
SGPP1,1.0
SGPP2,1.10022493969
SGSH,0.826293992777
SH2B1,1.0
SH2B2,1.0
SH2B3,5.15156978682
SH2D1A,1.0
SH2D1B,1.0
SH2D2A,1.0
SH3BP2,18.2642842813
SH3BP5,1.0
SH3GL1,0.888005027939
SH3GL2,1.0
SH3KBP1,0.961064816006
SH3RF1,1.0
SHANK1,1.0
SHANK2,0.926306786607
SHANK3,1.14828447893
SHB,1.11575106012
SHC1,0.94868591304
SHC2,1.0
SHC3,1.0
SHC4,1.0
SHF,1.0
SHFM1,1.0
SHH,1.0
SHISA5,2.46873562866
SHMT1,1.05538555789
SHMT2,1.06182697863
SHROOM1,1.0
SHROOM2,1.0
SHROOM3,1.0
SHROOM4,1.0
SI,1.0
SIAH1,1.0
SIK1,1.0
SIK2,1.0
SIK3,1.0
SIN3A,0.899322779839
SIN3B,1.0
SIPA1,1.05628550844
SIPA1L1,1.0
SIPA1L2,1.0
SIRPA,1.0
SIRPB1,1.0
SIRPG,0.740087447427
SIRT1,1.0
SIRT2,1.87647824091
SIRT3,0.913921901737
SIRT6,1.0
SIVA1,1.0
SIX1,1.0
SIX4,0.864426229119
SKAP1,1.0
SKI,1.29279192814
SKIL,1.08493929476
SKIV2L,1.0
SKIV2L2,1.0
SKP1,1.65829246991
SKP2,1.0
SLA2,1.29832334821
SLC11A1,0.867198947763
SLC11A2,1.22622230415
SLC12A2,0.823485524764
SLC12A7,1.0
SLC15A1,0.917681121683
SLC16A10,1.0
SLC16A3,1.0
SLC17A5,1.0
SLC17A6,0.910444962227
SLC17A7,1.08202611737
SLC17A8,1.0
SLC18A3,1.0
SLC19A1,0.949104861685
SLC19A2,0.866063348483
SLC19A3,1.0
SLC1A1,0.950260768036
SLC1A2,1.0
SLC1A5,1.0
SLC22A2,1.0
SLC22A3,1.164500264
SLC22A5,3.20740512904
SLC22A6,1.0
SLC23A1,0.935507721335
SLC25A16,1.0
SLC25A17,1.0
SLC25A21,1.0
SLC25A3,1.0
SLC25A31,1.0
SLC25A4,1.0
SLC25A5,1.0
SLC25A6,1.0
SLC27A1,1.0
SLC27A2,0.870080352853
SLC27A4,1.0
SLC27A5,1.0
SLC2A1,1.0
SLC2A10,1.0
SLC2A11,1.09332858198
SLC2A12,1.0
SLC2A14,3.01608656442
SLC2A2,1.08752580279
SLC2A3,1.0
SLC2A4,1.0
SLC2A5,1.0
SLC2A6,1.0
SLC2A7,1.0
SLC32A1,1.0
SLC33A1,1.0
SLC34A2,1.3757925316
SLC36A1,1.0
SLC38A1,0.958854848015
SLC38A2,1.09110514606
SLC3A1,1.0
SLC3A2,1.0
SLC45A3,0.943212184335
SLC46A1,1.24518991567
SLC4A1,1.0
SLC5A6,1.15505457743
SLC6A19,1.0
SLC6A3,1.0
SLC7A5,1.0
SLC7A7,3.32867755756
SLC7A8,1.1873824716
SLC7A9,1.0
SLC8A1,1.0
SLC8A2,1.0
SLC8A3,1.0
SLC9A1,0.887726098843
SLC9A3,1.0
SLC9A3R1,1.0
SLC9A3R2,1.0
SLCO1A2,1.0
SLCO1B1,1.0
SLCO1B3,1.0
SLIT1,1.0
SLIT2,1.0
SLIT3,0.749378564181
SLK,0.957765284657
SLU7,1.0
SLURP1,1.1223904904
SMAD1,1.0
SMAD2,0.947466362831
SMAD3,1.0
SMAD4,1.0
SMAD5,1.04975118068
SMAD6,1.0
SMAD7,1.17532193664
SMAD9,1.06375853182
SMARCA1,1.0
SMARCA2,1.11105127147
SMARCA4,1.0
SMARCA5,0.849344712111
SMARCAD1,1.0
SMARCAL1,0.917444431359
SMARCB1,1.12535793251
SMARCC1,1.0
SMARCC2,1.0
SMARCD1,1.0
SMARCD2,1.0
SMARCD3,1.0
SMARCE1,1.0
SMC1A,0.763230927045
SMC1B,1.0
SMC2,1.0
SMC3,1.24648659273
SMC4,1.16616892406
SMEK1,1.0
SMEK2,1.0
SMG1,0.927020863292
SMG5,0.883340877825
SMG6,0.566659891945
SMG7,0.89605281361
SMNDC1,5.55197449773
SMO,0.551540288092
SMOX,1.0
SMPD1,1.0
SMPD2,1.0
SMPD3,1.0
SMPD4,0.739504790841
SMS,1.0
SMUG1,1.07413469455
SMURF1,0.814256143684
SMURF2,0.866642905528
SMYD2,1.0
SNAI1,1.0
SNAI2,0.925927676918
SNAI3,1.08970261733
SNAP25,1.0
SNCA,1.0
SNCAIP,1.0
SND1,1.0
SNIP1,1.82656992105
SNORD3A,1.0
SNORD3C,1.0
SNRNP200,1.0
SNRNP27,1.0
SNRNP40,1.0
SNRNP70,1.0
SNRPA,1.0
SNRPA1,1.0
SNRPB,1.28343723049
SNRPB2,1.0
SNRPC,1.0
SNRPD1,1.0
SNRPD2,1.0
SNRPD3,0.941923311269
SNRPE,1.0
SNRPF,1.0
SNRPG,1.0
SNTA1,1.0
SNTB1,1.0
SNTB2,1.0
SNURF,1.0
SNW1,1.0
SNX1,1.0
SNX2,1.0
SNX6,0.955558126393
SOAT1,1.0
SOAT2,0.961767006919
SOCS1,1.10916635885
SOCS2,0.954713463282
SOCS3,0.804890262069
SOCS4,0.815027708215
SOCS5,0.905843675394
SOCS6,1.43402620474
SOCS7,1.0
SOD1,1.0
SOD2,1.0
SOD3,1.0
SORBS1,1.0
SORD,0.883541640382
SORT1,1.24334152777
SOS1,0.895900095101
SOS2,0.806248832424
SOST,1.0
SOSTDC1,1.0
SOX17,1.0
SOX2,1.0
SOX9,1.0
SP1,2.32033083788
SP100,1.0
SP3,1.1228555449
SP5,1.0
SPAG9,1.08738700207
SPAM1,1.2238011704
SPARC,1.0
SPATA13,1.0
SPATA18,8.19681567093
SPATA5,1.52983301162
SPC24,1.08096375521
SPCS1,1.0
SPCS2,0.891475686928
SPCS3,1.0
SPDYA,1.0
SPDYC,1.0
SPEN,1.0
SPHK1,1.35743396489
SPHK2,1.54394293654
SPHKAP,1.18517961678
SPI1,1.0
SPINT1,0.945431533086
SPIRE1,1.0
SPIRE2,1.0
SPOCK1,1.26413509341
SPOCK2,0.843928019264
SPOCK3,1.0
SPON1,0.770242377575
SPON2,1.0
SPOP,1.76798934336
SPP1,1.0
SPR,1.23088705098
SPRED1,1.0
SPRED2,1.0
SPRED3,1.40163129415
SPRY1,1.0
SPRY2,1.48915391536
SPRY3,1.0
SPRY4,1.32668229551
SPTAN1,1.0
SPTBN1,1.0
SPTLC1,1.0
SPTLC2,1.0
SPTLC3,0.918798859719
SQLE,1.0
SQSTM1,1.0
SRA1,1.0
SRC,1.0
SRD5A1,1.0
SRD5A2,1.0
SRD5A3,1.0
SREBF1,1.0
SREBF2,1.49953765779
SRF,1.0
SRGAP1,1.0
SRGAP2,1.0
SRGAP3,1.0
SRM,1.0
SRMS,1.0
SRP14,1.0
SRP19,1.0
SRP54,0.942198785322
SRP68,1.0
SRP72,1.0
SRP9,1.0
SRPK1,0.861496656353
SRPR,1.0
SRPRB,1.0
SRR,1.0
SS18,1.0
SSBP1,1.0
SSH1,1.0
SSH2,1.0
SSH3,1.0
SSRP1,0.826261483721
SST,1.0
SSTR1,1.0
SSTR2,1.4818528825
SSTR3,1.06596280582
SSTR4,0.943497842641
SSTR5,1.07037972572
SSX1,1.1834521613
SSX2,1.0
SSX2IP,0.949897736924
ST3GAL1,1.47987856493
ST3GAL2,1.06371389358
ST3GAL3,1.0
ST3GAL4,1.0
ST3GAL5,1.0
ST3GAL6,0.933567456096
ST6GAL1,0.909722749944
ST6GAL2,1.09068747434
ST6GALNAC1,1.0
ST6GALNAC3,1.77259499519
ST6GALNAC4,1.0
ST6GALNAC5,1.0
ST6GALNAC6,1.0
ST8SIA1,1.0
ST8SIA2,1.0
ST8SIA5,1.0
STAG1,1.0
STAG2,1.0
STAM,1.0
STAM2,0.924641152922
STAMBP,1.0
STAP1,0.777509004853
STAR,1.10716002071
STAT1,1.17393340851
STAT2,1.0
STAT3,1.0
STAT4,1.0
STAT5A,1.08508434081
STAT5B,1.3171333692
STAT6,0.946843428095
STEAP3,1.0
STIL,1.0
STIM1,0.93280950566
STIP1,1.09000049572
STK11,1.0
STK11IP,1.0
STK3,1.93029541971
STK36,1.0
STK39,1.0
STK4,0.866470109372
STMN1,1.12585148613
STMN4,1.0
STRA13,1.0
STRADA,1.16664000033
STRADB,1.0
STRAP,1.0
STRN,1.0
STS,1.91787867532
STT3A,1.0
STT3B,1.08774294472
STUB1,1.0
STX18,0.762747876414
STX1A,1.0
STX1B,1.1114974411
STX2,1.0
STX3,1.0
STX4,1.09997255655
STX5,1.0
STXBP1,1.24143506055
STXBP4,1.0
SUB1,1.0
SUCLA2,1.0
SUCLG1,1.08233823376
SUCLG2,0.814845415321
SUCNR1,0.818873171134
SUFU,1.0
SUGT1,0.912153447948
SULT1A1,0.917591001071
SULT1A2,1.0
SULT1A3,1.30235149524
SULT1E1,0.817991946783
SULT2A1,1.05711967183
SULT2B1,1.0
SUMF1,1.0
SUMO1,1.0
SUMO2,1.0
SUMO3,1.07248952376
SUOX,1.0
SUPT3H,1.0
SUPT7L,1.0
SUV39H1,1.0
SUV420H1,0.930684551583
SUZ12,1.85834535026
SV2A,1.0
SV2B,1.0
SV2C,1.0
SYCP2,0.678888108774
SYF2,1.27011506976
SYK,0.541516529685
SYN1,1.0
SYNGAP1,1.0
SYNJ1,0.886884584805
SYNJ2,1.0
SYNM,0.962569835117
SYVN1,1.0
T,1.0
TAAR1,1.0
TAAR2,1.0
TAAR5,1.0
TAAR6,1.0
TAAR8,1.0
TAAR9,1.47681467991
TACC1,2.5705399018
TACC3,1.0
TACR1,1.26216823077
TACR2,0.91399300965
TACR3,1.0
TAF1,1.0
TAF10,1.0
TAF11,1.0
TAF12,1.0
TAF13,0.680215877245
TAF15,1.0
TAF1A,1.0
TAF1B,1.0
TAF1C,1.0
TAF1L,1.0
TAF2,1.0
TAF3,1.0
TAF4,1.0
TAF4B,1.0
TAF5,1.0
TAF5L,0.681033963031
TAF6,1.0
TAF6L,1.0
TAF7,0.70795283121
TAF7L,1.0
TAF8,1.0
TAF9,1.0
TAF9B,1.0
TAGLN,1.0
TALDO1,1.0
TANK,1.0
TAOK1,1.10343924594
TAOK2,1.0
TAOK3,1.43767240261
TAP1,1.0
TAP2,1.0
TAPBP,1.0
TARS,1.0
TARS2,1.0
TARSL2,1.0
TAS1R2,1.0
TAS1R3,1.0
TAT,1.0
TBC1D1,1.13336724978
TBC1D4,1.0
TBK1,1.05992159524
TBKBP1,1.0
TBL1X,1.0
TBL1XR1,1.0
TBL1Y,1.0
TBL3,1.08266618199
TBP,2.20563479308
TBPL1,1.0
TBPL2,1.0
TBRG1,1.08112190401
TBX2,1.0
TBX21,1.20558611023
TBXA2R,1.0
TBXAS1,1.09731297107
TCEB1,1.0
TCEB2,1.07079099009
TCERG1,1.0
TCF12,1.0
TCF15,0.932384725509
TCF19,1.0
TCF20,1.0
TCF21,0.943242677826
TCF23,1.0
TCF3,1.0
TCF4,1.0
TCF7,0.914335586304
TCF7L1,1.0
TCF7L2,1.0
TCIRG1,1.36949232761
TCL1A,1.0
TCL1B,1.0
TCN2,8.02875301033
TCOF1,1.03651211248
TCP1,1.0
TDG,1.20436723901
TDGF1,1.60279795746
TDO2,1.0
TDRD7,1.0
TEAD1,1.0
TEAD2,1.29510741483
TEAD3,0.909531304005
TEAD4,1.19893226442
TEC,1.0
TECR,1.0
TEK,0.633122873944
TELO2,1.0
TERC,1.0
TERF2,1.0
TERT,1.10765451706
TESK1,1.0
TF,1.0
TFAM,1.0
TFAP2A,1.0
TFAP2C,0.872171268122
TFAP4,1.18771996058
TFCP2,1.0
TFDP1,0.929333972985
TFDP2,1.0
TFE3,1.0
TFEC,1.0
TFF1,1.0
TFF2,1.0
TFF3,1.0
TFG,1.0
TFPI,1.0
TFRC,0.946462990352
TG,1.0
TGFA,1.0
TGFB1,1.0
TGFB1I1,1.0
TGFB2,1.0
TGFB3,1.40046697449
TGFBI,1.0
TGFBR1,5.57528237455
TGFBR2,0.760642300205
TGFBR3,1.0
TGFBRAP1,1.12082775512
TGIF1,1.0
TGIF2,1.0
TGM2,1.0
TH,1.0
THBD,1.0
THBS1,1.0
THBS2,1.0
THBS3,1.0
THBS4,2.85444755316
THEM4,0.933110511379
THOC1,1.0
THOC2,1.0
THOC3,1.09135127939
THOC5,1.0
THOC6,1.0
THOC7,1.0
THOP1,1.0
THPO,1.0
THRA,1.0
THRAP3,1.0
THRB,1.0
THTPA,1.0
THY1,1.0
TIA1,1.0
TIAM1,1.0
TIAM2,1.0
TICAM1,1.1417297326
TICAM2,1.08490304861
TIE1,1.0
TIGIT,1.0
TIMELESS,1.0
TIMP1,1.0
TIMP2,1.0
TIMP3,1.0
TIMP4,1.0
TINAGL1,1.0
TIPIN,1.0
TIRAP,1.31592737348
TJP1,1.0
TJP2,1.0
TJP3,1.0
TK1,1.0
TK2,1.0
TKT,0.915070161879
TKTL1,0.871035642904
TKTL2,1.0
TLE1,1.14367461644
TLE2,1.0
TLE3,1.0
TLE4,0.833231275369
TLK1,0.935458653903
TLN1,0.940492932415
TLN2,1.0
TLR1,1.0
TLR10,1.59386619665
TLR2,1.0703146871
TLR3,1.0
TLR4,0.940877796924
TLR5,1.0
TLR6,0.948775667206
TLR7,1.0
TLR8,1.0
TLR9,1.07585821741
TLX1,0.922880733943
TLX3,0.642348808665
TM7SF2,1.0
TMEFF2,1.09767410603
TMEM126A,0.90765358636
TMEM173,1.0
TMEM55A,1.0
TMEM55B,0.948886512349
TMEM86B,1.14558100546
TMLHE,0.710603275769
TMPRSS2,1.0
TMSB4X,0.813248346035
TMSB4Y,1.06740100253
TMX1,1.0
TNC,1.0
TNF,1.0
TNFAIP3,2.4258137983
TNFAIP6,1.0
TNFRSF10A,1.0
TNFRSF10B,1.0
TNFRSF10C,1.0
TNFRSF10D,1.0
TNFRSF11A,1.0
TNFRSF11B,1.0
TNFRSF12A,1.0
TNFRSF13B,1.0
TNFRSF13C,0.926101185456
TNFRSF14,1.0
TNFRSF17,1.0
TNFRSF18,0.859713700323
TNFRSF1A,1.16681083785
TNFRSF1B,1.0
TNFRSF21,1.0
TNFRSF25,1.0
TNFRSF4,1.0
TNFRSF8,1.0
TNFRSF9,1.0
TNFSF10,0.783946413207
TNFSF11,0.926232417249
TNFSF12,1.0
TNFSF13,0.896411012819
TNFSF13B,1.0
TNFSF14,1.0
TNFSF18,1.0
TNFSF4,1.0
TNFSF8,0.566000920656
TNFSF9,1.0
TNIK,1.0
TNIP2,1.0
TNK2,1.18515135214
TNKS2,0.840883574364
TNN,1.0
TNNC1,1.0
TNNI1,1.0
TNNI2,0.923941936066
TNNI3,0.493886747406
TNNT2,1.0
TNR,1.0
TNS1,1.0
TNXB,1.0
TOB1,1.0
TOB2,0.923172744958
TOLLIP,1.05664057341
TOM1,1.05647360923
TOMM40,0.613073367675
TOMM40L,1.62318497149
TOP1,1.0
TOP1MT,1.11239527304
TOP2A,1.0
TOP2B,0.957888334214
TOP3A,1.0
TOP3B,0.911186793931
TOPBP1,6.38746193663
TOR1A,1.45649973651
TP53,1.0
TP53AIP1,0.838815344628
TP53BP1,1.0
TP53BP2,1.0
TP53I3,1.0
TP63,1.0
TP73,1.0
TPCN2,1.0
TPH1,1.0
TPH2,1.0
TPI1,1.0
TPK1,1.0
TPM1,1.0
TPM2,1.0
TPM3,0.766613924924
TPM4,1.11598755306
TPO,1.0
TPP1,1.0
TPR,0.873495088421
TPT1,1.0
TPTE,1.0
TPTE2,1.06741896409
TPX2,1.0
TRA2A,1.0
TRADD,1.0
TRAF1,1.0
TRAF2,1.07737480201
TRAF3,1.0
TRAF3IP2,0.957526794467
TRAF4,1.06162730201
TRAF5,1.04476320688
TRAF6,1.0
TRAF7,1.0
TRAP1,1.07937036642
TRAPPC4,1.0
TREH,1.0
TREM2,1.0
TREX1,0.496669267769
TRH,0.861263279801
TRHR,1.16683544368
TRIM25,1.0
TRIM28,1.0
TRIM32,1.0
TRIM37,1.0
TRIM59,1.0
TRIM63,1.0
TRIM71,1.0
TRIO,1.0
TRIP10,1.0
TRIP12,0.452867308688
TRIP6,0.706548426129
TRPA1,1.51907077996
TRPC1,1.0
TRPC3,1.07583746184
TRPC6,1.07682422872
TRPM2,1.05101024388
TRPM8,1.0
TRPT1,1.0
TRPV1,0.853271374182
TRPV4,1.0
TRPV5,0.897154584648
TRPV6,1.34591456348
TRRAP,1.0
TSC1,1.0
TSC2,1.06079859847
TSEN15,0.767129882226
TSEN2,1.0
TSEN34,1.0
TSEN54,1.34030059133
TSG101,1.0
TSHB,0.855956380444
TSHR,0.858182182554
TSLP,1.0
TSPAN4,0.830491995281
TSPAN7,1.0
TSPO,1.0
TST,1.07516049746
TSTA3,0.912901572326
TTC37,1.0
TTC5,1.06148456075
TTF1,1.0
TTF2,1.16819667728
TTK,1.0
TUB,0.897034515907
TUBA1A,1.0
TUBA1B,1.0
TUBA1C,1.0
TUBA3C,1.0
TUBA3D,2.29555654054
TUBA3E,1.06759118358
TUBA4A,1.6039973999
TUBA8,1.0
TUBAL3,1.0
TUBB,1.10732541205
TUBB1,1.0
TUBB2A,1.0
TUBB2B,1.07593586053
TUBB3,1.0
TUBB6,1.0
TUBB8,1.0
TUBD1,1.0
TUBE1,1.0
TUBG1,1.0
TUBG2,1.0
TUBGCP2,0.870351060865
TUBGCP3,1.0
TUBGCP5,0.873071791484
TUBGCP6,1.0
TUSC3,0.565417621048
TWIST1,1.0
TWISTNB,1.0
TXK,1.0
TXLNA,1.0
TXN,1.0669661378
TXNDC12,1.0
TXNL4A,1.0
TXNRD1,1.0
TXNRD2,1.0
TYK2,1.0
TYMP,1.10517600994
TYMS,1.18025816892
TYR,1.0
TYRO3,0.897535048825
TYROBP,1.0
TYRP1,1.0
TYW1,0.901551472105
TYW3,1.45225700224
U2AF1,0.908231587786
U2AF1L4,1.0
U2AF2,1.0
UAP1,1.0
UAP1L1,0.611456508635
UBA1,1.0
UBA2,0.853105291749
UBA3,1.0
UBA5,1.74008123953
UBA52,1.0
UBA6,1.19093282989
UBA7,1.0
UBB,0.960700895255
UBC,1.0
UBD,1.0
UBE2A,1.35333109473
UBE2B,1.0
UBE2C,1.0
UBE2D1,1.0
UBE2D2,1.0
UBE2D3,0.939470290581
UBE2D4,0.969846911504
UBE2E1,0.921213799366
UBE2E2,1.06652897032
UBE2E3,1.0
UBE2F,1.0
UBE2G1,1.0
UBE2G2,1.0
UBE2H,1.0
UBE2I,1.0
UBE2J1,0.911719119541
UBE2J2,1.06537712148
UBE2K,1.0
UBE2L3,1.0
UBE2L6,1.0
UBE2M,1.0
UBE2N,1.2105471823
UBE2NL,1.0
UBE2O,0.942362062869
UBE2Q1,1.0
UBE2Q2,1.0
UBE2R2,0.910106520003
UBE2S,1.57029300611
UBE2T,1.0
UBE2U,1.0
UBE2V1,1.04548179423
UBE2V2,1.0
UBE2W,1.0
UBE2Z,1.0
UBE3A,1.13988295153
UBE3B,0.784735734469
UBE3C,1.0
UBE4A,1.0
UBE4B,1.0
UBOX5,1.0
UBQLN1,1.06360487355
UBR1,1.0
UBR2,1.0
UBR4,1.0
UBR5,1.04577267478
UBTF,1.0
UCHL1,1.0
UCK1,1.0
UCK2,0.410879810058
UCKL1,0.605570786976
UCN,1.0
UCP1,0.689215426847
UCP2,0.933015971901
UGCG,0.948932972852
UGDH,1.0
UGP2,1.0
UGT1A1,1.0
UGT1A10,1.0
UGT1A3,0.758938176376
UGT1A4,1.0
UGT1A5,1.73199950448
UGT1A6,1.0
UGT1A7,1.41470095683
UGT1A8,1.07513404398
UGT1A9,1.0
UGT2A1,1.0
UGT2A2,1.0
UGT2A3,1.0
UGT2B10,1.0
UGT2B11,1.0
UGT2B15,1.0
UGT2B17,1.20879975065
UGT2B28,1.0
UGT2B4,0.914915494214
UGT2B7,1.0
UGT8,1.0
ULBP1,0.842447042162
ULBP2,1.0
ULBP3,1.0
ULK1,1.27759981463
ULK2,1.0
ULK3,1.0
UMPS,1.0
UNC5A,0.894913363706
UNC5B,0.915264872155
UNC5C,1.0
UNC5D,1.0
UNG,1.0
UPB1,1.0
UPF1,1.0
UPF2,1.0
UPF3A,0.807053553396
UPF3B,0.920155103276
UPP1,1.21549329776
UPP2,9.63312953569
UPRT,1.0
UQCRB,1.12171651729
UQCRC1,0.941416261571
UQCRC2,1.0
UQCRFS1,1.0
UQCRH,1.0
UQCRHL,1.0
UQCRQ,1.0
URM1,1.0
UROC1,1.31858957347
UROD,1.0
UROS,0.93777594813
USE1,1.0
USF1,1.06945470662
USO1,0.658203905846
USP1,1.0
USP10,0.92805212907
USP11,0.73172319148
USP12,2.03842612729
USP13,1.0
USP14,1.0
USP15,1.26596532643
USP16,1.0
USP18,1.76322708311
USP19,1.0
USP2,1.20061667806
USP20,0.953586616564
USP21,1.0
USP25,1.0
USP26,1.0
USP28,1.0
USP29,1.0
USP3,1.0
USP30,1.0
USP31,1.0
USP32,1.0
USP33,1.20628702659
USP34,1.0
USP35,1.12133476609
USP36,1.0
USP37,1.0
USP38,0.835485574507
USP39,1.0
USP4,1.0
USP40,1.06640624339
USP42,1.0
USP43,1.0
USP44,1.0
USP45,1.0
USP46,1.0
USP47,1.0
USP48,1.06220404553
USP49,1.0
USP5,0.23275577859
USP50,0.930125766981
USP51,1.0
USP53,1.0
USP54,1.0
USP6,1.0
USP6NL,1.0
USP7,1.0
USP8,0.748234713689
USP9X,1.0
USP9Y,0.927328289235
UST,1.08359332266
UTP14A,0.655815188036
UTP14C,1.0
UTP15,1.08047195512
UTP18,1.08327178785
UTP6,1.06115248473
UTS2,1.0
UTS2R,1.0
UTY,1.0
UXS1,1.0
VAC14,1.0
VAMP2,1.0
VAMP3,1.0
VANGL1,1.0
VANGL2,1.06618520864
VARS,0.840274417581
VASP,1.0
VAV1,0.804096198042
VAV2,0.942717541419
VAV3,1.09481979253
VCAM1,1.53329835547
VCAN,1.12234704636
VCL,1.0
VDAC1,1.0
VDAC2,1.09233813733
VDAC3,1.0
VDR,1.0
VEGFA,1.0
VEGFB,1.03877138878
VEGFC,1.0
VHL,0.731808334807
VIM,1.0
VIPR1,1.0
VIPR2,1.07819621644
VLDLR,0.940666310606
VNN1,1.0
VNN2,1.0
VPS29,0.927189056089
VPS45,1.0
VSIG2,1.0
VTN,1.10924801681
VWF,1.0
WARS,1.0
WARS2,1.0
WAS,1.0
WASF1,1.0
WASF2,1.0
WASF3,1.0
WASL,1.0
WBP11,1.0
WBSCR17,1.0
WDR3,1.0
WDR36,0.352909037739
WDR43,1.0
WDR48,0.911612207108
WDR61,0.874281846287
WDR75,1.0
WDR77,1.0
WEE1,1.0
WEE2,0.944657721306
WFS1,1.0
WHSC1,0.95656485762
WIBG,1.0
WIF1,1.0
WIPF1,1.09470025904
WIPF2,1.0
WNK1,1.0
WNT1,0.841395776923
WNT10A,0.898739994041
WNT10B,1.0
WNT11,0.926266694292
WNT16,0.880027382738
WNT2,1.0
WNT2B,1.0
WNT3,1.0
WNT3A,0.919637207641
WNT4,1.0
WNT5A,1.0
WNT5B,1.06311621898
WNT6,1.0
WNT7A,1.0
WNT7B,1.0
WNT8A,1.0
WNT8B,1.0
WNT9A,1.0
WNT9B,1.40443673812
WT1,0.902485139789
WTIP,1.20759123013
WWC1,1.0
WWOX,1.07415174793
WWP1,1.0
WWP2,1.0
WWTR1,1.0
XAB2,1.0
XBP1,1.0
XCL1,1.0
XCL2,1.0
XCR1,1.0
XDH,1.0
XIAP,1.0
XPA,1.0
XPC,1.0
XPNPEP2,1.07232999941
XPO1,0.767317066881
XPO5,1.0
XPOT,1.0
XRCC1,1.0
XRCC2,1.07815698937
XRCC3,1.0
XRCC4,1.0
XRCC5,1.0
XRCC6,1.0
XRN1,1.0
XRN2,1.0
XYLT1,1.0
XYLT2,1.0
YAP1,1.0
YARS,0.873513762179
YARS2,1.0
YBX1,0.861840499068
YEATS4,1.0
YES1,1.0
YWHAB,1.0
YWHAE,1.0
YWHAG,1.0
YWHAH,0.932369251943
YWHAQ,1.58013529086
YWHAZ,1.0
YY1,1.04852870401
ZAK,1.0
ZAP70,0.928599223589
ZBP1,1.0
ZBTB16,1.0
ZBTB17,1.0
ZBTB33,1.24374579825
ZCCHC12,1.0
ZCCHC7,0.778707748558
ZEB1,1.0
ZEB2,1.0
ZFP36,1.54602966289
ZFP36L1,1.0
ZFPM1,1.0
ZFYVE16,1.0
ZFYVE28,0.64638700571
ZFYVE9,1.11091864789
ZIC2,1.0
ZMAT2,1.0
ZMAT3,1.0
ZMPSTE24,1.0
ZNF14,1.0
ZNF274,2.09919307533
ZNF318,1.0583133455
ZNF350,1.0
ZNF354A,1.40472088283
ZNFX1,1.09514840722
ZNRD1,1.0
ZYX,1.0
